{
  "train_loss": [
    0.7190395021438598,
    0.6739523720741272,
    0.6576387453079223,
    0.6551756930351257,
    0.6393988656997681,
    0.6221890091896057,
    0.5983289837837219,
    0.5686218905448913,
    0.5499555313587189,
    0.5493166351318359,
    0.5346199917793274,
    0.5137802135944366,
    0.5042489457130432,
    0.4855498492717743,
    0.47583542346954344,
    0.4582424831390381,
    0.4627917981147766,
    0.4453579449653626,
    0.43802372813224794,
    0.42403135061264036,
    0.3988741660118103,
    0.394688595533371,
    0.40156288385391237,
    0.38075265526771546,
    0.3832429504394531,
    0.3872473621368408,
    0.37403284430503847,
    0.36283010721206665
  ],
  "val_loss": [
    0.6945486497879029,
    0.7021306180953979,
    0.685276346206665,
    0.6466728019714355,
    0.6739401865005493,
    0.6736490535736084,
    0.8475434875488281,
    0.5634376811981201,
    0.7415333557128906,
    0.6840619993209839,
    0.8350665664672852,
    0.6075686097145081,
    0.574741290807724,
    1.06388409614563,
    0.7539112317562103,
    1.077257423400879,
    1.1979027199745178,
    0.5865040743350982,
    0.8417904710769654,
    0.6793168878555298,
    0.7564096593856812,
    0.6838910222053528,
    0.6180119252204895,
    0.5906881070137024,
    0.7727285432815552,
    0.6094818615913391,
    0.6574376392364502,
    0.6604834222793579
  ],
  "val_score": [
    0.5,
    0.5,
    0.53,
    0.585,
    0.51,
    0.54,
    0.545,
    0.72,
    0.56,
    0.6,
    0.57,
    0.64,
    0.7,
    0.565,
    0.655,
    0.545,
    0.525,
    0.675,
    0.555,
    0.69,
    0.625,
    0.685,
    0.7,
    0.725,
    0.6,
    0.73,
    0.655,
    0.68
  ]
}