{
  "train_loss": [
    0.15645757547535916,
    0.14357590656512986,
    0.14046539207670483,
    0.13872991125872278,
    0.13699301158901375,
    0.13648988259193373,
    0.13477474645091309,
    0.13297547718613578,
    0.13190038917035754,
    0.13135853916561074,
    0.13050621465185483,
    0.12951889307958597,
    0.12747281281247702,
    0.1285119016881329,
    0.12746032530611212,
    0.12700887163162633,
    0.1260703769537243,
    0.1256188880508957,
    0.12491689833899403,
    0.12481384820701022,
    0.1236641129833157,
    0.12256774505849037,
    0.1218572073890069,
    0.12240940543139986,
    0.12206093457936407,
    0.12182861929686069,
    0.1210497626634808,
    0.12059916341513978,
    0.1205619734320943,
    0.11909328842629763,
    0.11872740351091661,
    0.11987054445474958,
    0.11544701949884928,
    0.11450568278043605,
    0.11532688187971683,
    0.11362321781653686,
    0.11395915885206552,
    0.11331617824031474,
    0.11347540950801234,
    0.11285225715928536,
    0.11236698847555159
  ],
  "val_loss": [
    0.08415531033933989,
    0.08496332255801435,
    0.08619872406179413,
    0.09281727840316475,
    0.18962101811946613,
    0.08520283152723136,
    0.078223862964909,
    0.0829010999933838,
    0.07758743575111361,
    0.08013944822476093,
    0.0775597767246384,
    0.07994239775945337,
    0.0771688623428562,
    0.07622271664725938,
    0.07404035503714289,
    0.0965432937850475,
    0.078233582302774,
    0.07656945716718756,
    0.07371679530167667,
    0.07386556968324787,
    0.07193758564195311,
    0.07535577527617136,
    0.07739899850228778,
    0.12737703462598454,
    0.09074862983504366,
    0.07862866229049131,
    0.07990146631050249,
    0.07977605729895752,
    0.0759626094536272,
    0.07537596158677866,
    0.07746964850871234,
    0.07592810073506505,
    0.07750695629542163,
    0.07997984179505503,
    0.0736478794075833,
    0.08126942116682029,
    0.08102766012104032,
    0.07493605417734496,
    0.08082111137508151,
    0.0765977501136688,
    0.07368319416398293
  ],
  "val_score": [
    0.7244819223985891,
    0.7238787233000195,
    0.7326511365863217,
    0.7617669753086419,
    0.7079750881834216,
    0.7906409220066627,
    0.7748873211836175,
    0.7780319174995101,
    0.7685215804428768,
    0.7904051538310797,
    0.7827993337252597,
    0.7831698265726044,
    0.778405472271213,
    0.7976129237703313,
    0.7981426366843033,
    0.7784544630609445,
    0.7858214530668235,
    0.7962105624142662,
    0.8026130462473056,
    0.7817766509896139,
    0.8116885900450714,
    0.7827411571624534,
    0.7923004850088183,
    0.7656035665294925,
    0.792018787967862,
    0.7887425289045659,
    0.7933109200470311,
    0.7817490936703899,
    0.8126990250832842,
    0.8037000293944737,
    0.7969637958063883,
    0.8150199637468156,
    0.8082684205369391,
    0.8072028708602782,
    0.8166672790515382,
    0.8139819713893787,
    0.8227053938859494,
    0.830289780521262,
    0.8102066186556927,
    0.8172031158142269,
    0.8244016999804036
  ]
}