{
  "train_loss": [
    0.20376942992608496,
    0.1644916198183005,
    0.16058195734085826,
    0.15947888370055643,
    0.15630772409386623,
    0.15642020250793606,
    0.15432684775388103,
    0.15311882995601875,
    0.15181300488012542,
    0.14973797582493895,
    0.1498794307979417,
    0.14973084042008147,
    0.14868469594237205,
    0.14896274499970175,
    0.14893947393295415,
    0.14897033345844332,
    0.1481836153734006,
    0.14765206477813286,
    0.14590376713913125,
    0.14729064032150085,
    0.14694024349024795,
    0.14599242115753966,
    0.14694470557216646,
    0.1465242653067246,
    0.145887523798054,
    0.1452916897142661,
    0.14512608152110815,
    0.14553864643340947,
    0.14496744269991058,
    0.14465685860491054,
    0.14527840017020105,
    0.14507166537361132,
    0.1448509393573579,
    0.14594466494739577,
    0.1440868208732915,
    0.1448040992989201,
    0.14458331618725137,
    0.1447299216709736,
    0.144117998245891,
    0.14357057436172938,
    0.14318208208081226,
    0.14252573506989455,
    0.14228142521627107,
    0.1435358375697569,
    0.14314633995724382,
    0.14306761117301678,
    0.14319274640093776,
    0.1409701438868258,
    0.14178898571755058
  ],
  "val_loss": [
    0.10124262081166611,
    0.10322477792609558,
    0.09387650995359274,
    0.09168108069552337,
    0.09016499068876042,
    0.09232546554105309,
    0.09064944156479754,
    0.09051277731229847,
    0.0890157831680603,
    0.09164288957980742,
    0.08945607941904744,
    0.08847188700247287,
    0.08705140910693981,
    0.08701141423269755,
    0.08675499644117789,
    0.08701440289688138,
    0.08709252741411527,
    0.0866605325719967,
    0.08613820763614138,
    0.08861452615200575,
    0.0858303701241043,
    0.08628627542680758,
    0.08556203308467474,
    0.08679989744507641,
    0.08588674608681422,
    0.08636109877414884,
    0.08457107935531018,
    0.08611741000204488,
    0.08287114112230583,
    0.0841882550287806,
    0.08402037603244884,
    0.08396110641064723,
    0.08507054920971517,
    0.08572060984092678,
    0.08530944106303773,
    0.08669537635021493,
    0.08519735577890553,
    0.08563774709476336,
    0.08505798049779224,
    0.08474589078244453,
    0.08470920866516973,
    0.08664212187758015,
    0.08394549213442204,
    0.08541640689482864,
    0.08501681425003436,
    0.0844351992580778,
    0.08518573346552538,
    0.08455452894931897,
    0.08441310719836666
  ],
  "val_score": [
    0.6138392857142857,
    0.6672698657652363,
    0.6994246644130904,
    0.679522156084656,
    0.709008487654321,
    0.6849984077993336,
    0.7020135214579659,
    0.7139121595140113,
    0.7281363291201254,
    0.69252461787184,
    0.7225636267881638,
    0.7257556829316089,
    0.7354359567901234,
    0.7438378772290809,
    0.7361646947873799,
    0.7548730526161083,
    0.7352170291985106,
    0.7397364295512443,
    0.7450840804428768,
    0.7180197310405644,
    0.7643343988830099,
    0.7627023932000784,
    0.7453596536351166,
    0.7474218596903782,
    0.7433066333529297,
    0.7603171541250244,
    0.7775251690182245,
    0.7506445350774053,
    0.7738615765236134,
    0.7676979227905154,
    0.7732308201058201,
    0.770565414951989,
    0.7573179992161474,
    0.7598211223789928,
    0.755215988144229,
    0.7524418846756808,
    0.7569765946502058,
    0.7450381515775035,
    0.7647783779149521,
    0.7563534930433078,
    0.7590066504997062,
    0.7475565843621399,
    0.76712228101117,
    0.7607611331569665,
    0.7622293258867332,
    0.7605330197922789,
    0.759937475504605,
    0.770816492749363,
    0.7609861845972956
  ]
}