{
  "train_loss": [
    0.9570317088015571,
    1.0882680054054217,
    0.9881366777607775,
    1.0406886418973367,
    0.9829012674475414,
    0.9283247301763571,
    0.9435896200323802,
    0.9167343297610803,
    0.9670098346853954,
    0.8754737154571224,
    0.99722314356953,
    0.7463437576261763,
    0.8089539971877271,
    0.8208112069672755,
    0.7730533546350133,
    0.7223641395702941,
    0.7110143876451207,
    0.7388490261457634,
    0.7450653750394943,
    0.7557035877010015,
    0.6904730047230243,
    0.6785837983119608,
    0.6687936975261358,
    0.6642499262355981
  ],
  "val_loss": [
    0.5952734436307635,
    0.672420791217259,
    0.6948123531682151,
    0.5831943835530963,
    0.6184724484171186,
    0.614331032548632,
    0.6115947195461818,
    0.6156249131475177,
    0.6072585753032139,
    0.6134881632668632,
    0.6302350504057748,
    0.6019346032823835,
    0.6030864715576172,
    0.6001978942326137,
    0.6720306021826608,
    0.6043328429971423,
    0.6023761800357273,
    0.5982670656272343,
    0.5925842438425336,
    0.5964421629905701,
    0.5915445600237165,
    0.6118077210017613,
    0.605026764529092,
    0.6029903718403408
  ],
  "val_score": [
    0.5982142857142857,
    0.5982142857142857,
    0.5982142857142857,
    0.625,
    0.6071428571428571,
    0.5982142857142857,
    0.5982142857142857,
    0.6607142857142857,
    0.6517857142857143,
    0.6696428571428571,
    0.5982142857142857,
    0.6160714285714286,
    0.6428571428571429,
    0.6517857142857143,
    0.5625,
    0.625,
    0.625,
    0.625,
    0.6428571428571429,
    0.6339285714285714,
    0.6339285714285714,
    0.625,
    0.625,
    0.6339285714285714
  ]
}