{
  "train_loss": [
    0.2640634519249721,
    0.19210398901181586,
    0.17395952889866,
    0.16609221109337166,
    0.15950927726102615,
    0.15413462202265132,
    0.14982043947532087,
    0.14793494287879974,
    0.1454166918228146,
    0.1429401842506959,
    0.14067388280548154,
    0.1386026932165348,
    0.13630429513810546,
    0.1368670662297944,
    0.1348132148313941,
    0.13460163743346445,
    0.13372033439339528,
    0.13194484387280053,
    0.13189773863066942,
    0.13043236446606707,
    0.12991228940903513,
    0.1303388779515126,
    0.12804653637605085,
    0.12996449110294264,
    0.12834837577203517,
    0.12878499026797094,
    0.12711032845074463,
    0.1268996982886327,
    0.12736229568494314,
    0.1253970165768875,
    0.12594212424932275,
    0.1254441871393758,
    0.12491977107926693,
    0.12462231032151774,
    0.12487781373190918,
    0.12491905968050324,
    0.1250143418291402,
    0.12502577818581637,
    0.12329759027029108,
    0.12451339886147274,
    0.12358893804235843,
    0.12285968953791303,
    0.1235572702236457,
    0.1219530227115381,
    0.12306011178208366,
    0.12157285895025007,
    0.12012087861462951,
    0.12054473496317929,
    0.11966213938772174,
    0.11881450518899143,
    0.12081576626314072,
    0.1195322240233396,
    0.1194688491607054,
    0.11907323313456517,
    0.11954801452396617
  ],
  "val_loss": [
    0.3164289776655174,
    0.20758204912250997,
    0.14006465374010485,
    0.19624551983969998,
    0.12633865354539645,
    0.1391706340890781,
    0.11326884748466239,
    0.11324953198896659,
    0.10551309753539946,
    0.11128519165879643,
    0.11155983615361395,
    0.09739943945709297,
    0.08850657116506705,
    0.09088160779165028,
    0.09157584512000778,
    0.08970201586221666,
    0.09157441266437183,
    0.08629566939978335,
    0.097667318439338,
    0.08376773184270876,
    0.09233604925767279,
    0.08592263787736676,
    0.09603414864141431,
    0.09117722407177203,
    0.09644544336001948,
    0.08392494802702641,
    0.08454762164973413,
    0.08245276459785975,
    0.07822183185249545,
    0.09107907986734402,
    0.10231682007152786,
    0.09458878629748299,
    0.11376509714464969,
    0.08634882019015304,
    0.07805671785937053,
    0.0844783998021361,
    0.08031369774216737,
    0.08391800779852009,
    0.08780699027731649,
    0.09236483709330096,
    0.08536577717134575,
    0.08582873690312734,
    0.08689722291665111,
    0.08269341882189644,
    0.08509189923539116,
    0.08640512335233058,
    0.0865805598332257,
    0.08486945476132082,
    0.08952498279327159,
    0.0833595068285225,
    0.08421077118285766,
    0.0869460140977398,
    0.07942428471035522,
    0.08799672442577361,
    0.09358099600494472
  ],
  "val_score": [
    0.7381411669606114,
    0.7151614246521655,
    0.6932472320203801,
    0.7226570154810896,
    0.6981003821281597,
    0.7508726484420929,
    0.7147358171663727,
    0.7231469233784048,
    0.719236845972957,
    0.7157584999020185,
    0.729322824808936,
    0.7274428032529885,
    0.7513931755829902,
    0.7157401283558692,
    0.7014133842837547,
    0.7356548843817362,
    0.7837975210660394,
    0.7398558446012149,
    0.7861031501077796,
    0.7995113168724279,
    0.8078856799921614,
    0.8124356995884774,
    0.778267685675093,
    0.8156262247697432,
    0.8158130021555947,
    0.8191076327650401,
    0.801872060552616,
    0.8088563100137174,
    0.7895937438761512,
    0.8105832353517538,
    0.8210060258671369,
    0.7970893347050755,
    0.8086557539682538,
    0.813527275622183,
    0.820228297080149,
    0.8014510459533608,
    0.8211376886145404,
    0.81422080148932,
    0.8331496178718402,
    0.8227727562218302,
    0.8262327307466196,
    0.8204273221634332,
    0.810488315696649,
    0.8284250685871056,
    0.8114497599451301,
    0.8250447040956301,
    0.8212019890260629,
    0.8170071526553009,
    0.8189009528708601,
    0.8206477807172252,
    0.8266430286106212,
    0.8163120958259847,
    0.8204916225749558,
    0.8292885312561238,
    0.8249099794238683
  ]
}