{
  "train_loss": [
    0.6603637909889222,
    0.5824993908405304,
    0.5245178318023682,
    0.46444368481636045,
    0.4313418328762054,
    0.40053118705749513,
    0.39383539438247683,
    0.36522951602935794,
    0.34386353015899657,
    0.35262803673744203,
    0.33641686260700226,
    0.3268855232000351,
    0.32675533056259154,
    0.30856062591075895,
    0.29568278789520264,
    0.28272580325603486,
    0.2798120582103729,
    0.26368746161460876,
    0.2847272497415543,
    0.2746238616108894,
    0.26012552380561826,
    0.24767328679561615,
    0.23121351182460784,
    0.23813433945178986,
    0.24051077097654341,
    0.23843473374843596,
    0.23668016850948334,
    0.22505035996437073,
    0.22685639828443527
  ],
  "val_loss": [
    0.7186001062393188,
    0.7820281314849854,
    0.7340443468093872,
    0.5371595239639282,
    0.8700635862350464,
    0.6156413316726684,
    0.7561273908615113,
    0.562925910949707,
    0.5272460746765136,
    0.5690685749053955,
    0.5376115989685059,
    0.5580789136886597,
    1.0069893217086792,
    0.8683913040161133,
    0.6786017322540283,
    0.6744293975830078,
    0.5774481296539307,
    0.7622692203521728,
    0.756973762512207,
    0.7891926622390747,
    0.6253380298614502,
    0.5975544214248657,
    0.6545725536346435,
    0.6168001127243042,
    0.7886107635498046,
    0.6233655118942261,
    0.6598785638809204,
    0.6517556428909301,
    0.6503199911117554
  ],
  "val_score": [
    0.5,
    0.5,
    0.515,
    0.75,
    0.58,
    0.65,
    0.66,
    0.7,
    0.77,
    0.73,
    0.76,
    0.785,
    0.64,
    0.645,
    0.68,
    0.7,
    0.76,
    0.715,
    0.7,
    0.645,
    0.775,
    0.775,
    0.73,
    0.775,
    0.735,
    0.79,
    0.77,
    0.795,
    0.79
  ]
}