{
  "train_loss": [
    0.18729920575109837,
    0.15043779445025687,
    0.1473873446754866,
    0.1443796112041014,
    0.14248588946008633,
    0.14138162279944447,
    0.14043308244632868,
    0.13975025666137403,
    0.13779528008549224,
    0.13777983022700252,
    0.13790729715036537,
    0.13695976013191286,
    0.13691524014183534,
    0.13605485325242409,
    0.13484381533705594,
    0.1354417247095172,
    0.13496574490744082,
    0.13277376188686363,
    0.1329661972479039,
    0.13239115588386233,
    0.13291923910146614,
    0.13210951986672176,
    0.13234361764249078,
    0.13244398809597588,
    0.13124601925284188,
    0.13086827846396779,
    0.13006748942184618,
    0.12967656818275566,
    0.1299394696200442,
    0.12885063301755686,
    0.12832589420652138,
    0.12810953408398168,
    0.1272828387495254,
    0.1295495085440983,
    0.1278771890020998,
    0.12688023740562882,
    0.12766904556082487,
    0.12793261377440762,
    0.12669952523576639,
    0.1275453623847903,
    0.12725374227334948,
    0.12644677803163554,
    0.1274123467897424,
    0.12639878949895536,
    0.12590796298333742,
    0.12626991186524567,
    0.12672345640326824,
    0.12637460581421145,
    0.12595553090570835,
    0.12598722940165055,
    0.1262695424078451,
    0.12653205387587776,
    0.12607695017133277,
    0.12480410442631722,
    0.12546407016618244,
    0.12553671917445478,
    0.12451624500007502,
    0.12501364093628167,
    0.12388460488175788,
    0.1241408564620906,
    0.12290473236649986,
    0.12481707741225113,
    0.12321352205412163,
    0.12383405032380657,
    0.12334739653561938,
    0.12346928678223117
  ],
  "val_loss": [
    0.09449531479360282,
    0.09323602171495662,
    0.08725411480860121,
    0.08830163542180347,
    0.08585649542374649,
    0.08933509900711283,
    0.0891221183762697,
    0.08949912115777536,
    0.08495158686035637,
    0.08205176469182232,
    0.08255209923927226,
    0.08384846470078941,
    0.08733005872131691,
    0.08840984272990904,
    0.07948849562178766,
    0.0847854313397372,
    0.08815295482178892,
    0.08202631305903196,
    0.08206102310743481,
    0.08334640711237994,
    0.08173816345669212,
    0.0829115340564515,
    0.08278628160831501,
    0.08796782783825206,
    0.08448921129833875,
    0.08488755382474267,
    0.08095899719311074,
    0.08645450538388864,
    0.0872730893453589,
    0.08128599323143917,
    0.07903677832408598,
    0.0833612463941742,
    0.08101662170955286,
    0.08133557774289563,
    0.08154071791565334,
    0.08341026720571643,
    0.08088209143453254,
    0.07899286116342272,
    0.07959980565290142,
    0.08139736038638805,
    0.08471353822418323,
    0.0800963918192309,
    0.08134355702895536,
    0.08261286432669382,
    0.07959064027919927,
    0.07802308661015893,
    0.08284639872188496,
    0.07951739229852414,
    0.08380573338276709,
    0.07849883928703887,
    0.08536983623198573,
    0.08347158448817288,
    0.08340068467037466,
    0.08318286361668685,
    0.08010925647684679,
    0.07936639455775442,
    0.08219866175544166,
    0.08043739049874994,
    0.08076198649570733,
    0.0780502506752548,
    0.07945285868755576,
    0.07825069847262431,
    0.07831543236096866,
    0.08049095137854968,
    0.07867903619915892,
    0.07839862717378503
  ],
  "val_score": [
    0.7402202135998432,
    0.7254311189496374,
    0.7564943415637859,
    0.7503551832255535,
    0.7445926415833823,
    0.7568372770919068,
    0.7375655251812658,
    0.7628815157750344,
    0.7538947677836567,
    0.7556768077601411,
    0.7775848765432098,
    0.7905031354105428,
    0.7869819223985891,
    0.7483924897119342,
    0.7856897903194199,
    0.7694217862041937,
    0.7707445375269448,
    0.7743851655888694,
    0.7827993337252597,
    0.7757783411718595,
    0.7599129801097393,
    0.779957867920831,
    0.7771164021164021,
    0.7619721242406425,
    0.7700494806976287,
    0.7559340094062317,
    0.7691278414658045,
    0.7822849304330786,
    0.7626947383891829,
    0.7766050607485793,
    0.7865532529884381,
    0.7844527728786987,
    0.7830167303546932,
    0.7621803350970017,
    0.7863970948461689,
    0.7886047423084459,
    0.7862225651577504,
    0.7804110327258476,
    0.7708884479717812,
    0.7597859102488732,
    0.7670089898099157,
    0.7860847785616304,
    0.7901203948657651,
    0.7675723838918282,
    0.7769051293356849,
    0.7727439741328629,
    0.7775481334509111,
    0.7731971389378796,
    0.7669416274740348,
    0.7881209582598471,
    0.7765958749755044,
    0.7619782480893592,
    0.7752057613168725,
    0.772024421908681,
    0.7782615618263766,
    0.780931559866745,
    0.7848814422888498,
    0.7797220997452479,
    0.7718498922202626,
    0.7777196012149716,
    0.772661302175191,
    0.7841404565941603,
    0.7921749461101313,
    0.7855428179502253,
    0.7809744268077601,
    0.7865287575935724
  ]
}