{
  "train_loss": [
    0.6808245515823365,
    0.6163309526443481,
    0.5086451148986817,
    0.44371583819389343,
    0.40822816133499146,
    0.3679480731487274,
    0.35649941086769105,
    0.3270514726638794,
    0.3099556386470795,
    0.29859054744243624,
    0.29094428539276124,
    0.26024957358837125,
    0.27518043577671053,
    0.23680388629436494,
    0.2407543706893921,
    0.22684273421764373,
    0.2299065923690796,
    0.22229519367218017,
    0.20591033935546876,
    0.19467172980308534,
    0.1822635468840599,
    0.18609093904495239,
    0.18308902740478517,
    0.1828411516547203,
    0.17537408769130708,
    0.185545871257782,
    0.18063396483659744
  ],
  "val_loss": [
    0.6962599635124207,
    0.7291892528533935,
    0.647231969833374,
    0.558701696395874,
    0.5437366771697998,
    0.546296443939209,
    0.534065523147583,
    0.5530882406234742,
    0.5695758438110352,
    0.6127245283126831,
    0.6140086936950684,
    0.5623537254333496,
    0.6016737937927246,
    0.6587499046325683,
    0.6350817632675171,
    0.786922059059143,
    0.7240020990371704,
    0.6990374755859375,
    0.6324763631820679,
    0.6199925184249878,
    0.6230272579193116,
    0.6733907079696655,
    0.652664246559143,
    0.7417436122894288,
    0.6748304700851441,
    0.6500623989105224,
    0.6567506599426269
  ],
  "val_score": [
    0.5,
    0.5,
    0.575,
    0.705,
    0.69,
    0.725,
    0.765,
    0.745,
    0.765,
    0.715,
    0.74,
    0.77,
    0.78,
    0.755,
    0.735,
    0.685,
    0.67,
    0.74,
    0.785,
    0.8,
    0.81,
    0.765,
    0.805,
    0.76,
    0.765,
    0.815,
    0.82
  ]
}