{
  "train_loss": [
    0.6696098298672482,
    0.6402846899290052,
    0.6315569026800055,
    0.6254059458476218,
    0.6069986051864109,
    0.6155625178119329,
    0.605017851723863,
    0.6034636044260889,
    0.5940609813675167,
    0.6076703641492417,
    0.6032184159930029,
    0.5820769054817269,
    0.5848327531187016,
    0.5767031521174986,
    0.5923222965813327,
    0.5856147834232875,
    0.5815124722245841,
    0.5846841175054672,
    0.5770233153492312,
    0.577376520942113,
    0.583856399201435,
    0.5942330076804445,
    0.5839386743287
  ],
  "val_loss": [
    0.6669071231569562,
    0.6597670912742615,
    0.6437163523265294,
    0.6563618608883449,
    0.6772931047848293,
    0.6687610149383545,
    0.6775436912264142,
    0.6600407191685268,
    0.6734078696795872,
    0.6751220311437335,
    0.6924079997198922,
    0.7260534933635167,
    0.700830340385437,
    0.6966945273535592,
    0.6651330164500645,
    0.6801182627677917,
    0.6803214294569833,
    0.6851638214928764,
    0.6773496525628226,
    0.6930063877786908,
    0.6644054310662406,
    0.6931495751653399,
    0.6857024942125592
  ],
  "val_score": [
    0.6607142857142857,
    0.6875,
    0.6607142857142857,
    0.6517857142857143,
    0.6160714285714286,
    0.6607142857142857,
    0.6517857142857143,
    0.625,
    0.6875,
    0.6517857142857143,
    0.625,
    0.6428571428571429,
    0.625,
    0.6607142857142857,
    0.6875,
    0.6696428571428571,
    0.6696428571428571,
    0.7053571428571429,
    0.6785714285714286,
    0.6607142857142857,
    0.6607142857142857,
    0.6785714285714286,
    0.6964285714285714
  ]
}