{
  "train_loss": [
    0.27835133923861066,
    0.21214839340827654,
    0.18777582137137927,
    0.17314253103086852,
    0.16548928558397993,
    0.15917958314975109,
    0.15428231221990774,
    0.1501054174397901,
    0.14759122330770913,
    0.14472867793891492,
    0.14399424595570645,
    0.14212873765123038,
    0.14179374686795046,
    0.14061325191575097,
    0.14054119437314747,
    0.13934930498230805,
    0.1390969335502058,
    0.13763368642049637,
    0.13760755460022384,
    0.13690895027149858,
    0.13664227332235376,
    0.13543914850024605,
    0.13545273593890877,
    0.135638510665286,
    0.13573988585241387,
    0.1345778675358981,
    0.13458301826780705,
    0.13357032931998472,
    0.13350599534789886,
    0.1335732970521031,
    0.13221540385769756,
    0.1325997956375552,
    0.13311441533598348,
    0.13326058541478214,
    0.1310359545636644,
    0.130626768643483,
    0.1310162598274614,
    0.13018539991703176,
    0.13048977874476897,
    0.13089499249731662,
    0.12954488773034672,
    0.12915642484164283,
    0.12975594882258404,
    0.1294635354354219,
    0.1294126892114482,
    0.12965399825621157,
    0.12879755221175254,
    0.12956751099633126,
    0.12724223844998006,
    0.12693698293686298,
    0.12863960667131424,
    0.1272886429059127,
    0.12761325085963815,
    0.1272072340377201,
    0.1266552846626157,
    0.12624238171166866,
    0.12791478755979238,
    0.12737884254014398,
    0.12680198307773022,
    0.12652323935951415,
    0.12740292257755384,
    0.12605943592421898,
    0.12652561510308016,
    0.12628461870501198,
    0.1262851771764818,
    0.12619925898937043,
    0.12684416855011965,
    0.12541235354875485,
    0.1258098890218047,
    0.12524983989681895
  ],
  "val_loss": [
    0.1412639358299885,
    0.12215316588470725,
    0.12017956013373945,
    0.14223472080688218,
    0.12300221583315296,
    0.12477833877840443,
    0.09941701419242116,
    0.10512015578008005,
    0.09721159558302145,
    0.10069837021115427,
    0.09955435896909588,
    0.10665271993488283,
    0.11664692595476091,
    0.1083246288948357,
    0.11819632341073083,
    0.11990149480483406,
    0.09866591582086989,
    0.09536150128732566,
    0.0980944344282527,
    0.11600162541285908,
    0.08935136827279073,
    0.08754880521958207,
    0.07917872487881882,
    0.10023394860952202,
    0.08903081458240364,
    0.09720174014004962,
    0.08575854468261952,
    0.08796408797919736,
    0.09062045793676939,
    0.08705568125613221,
    0.08301503551544687,
    0.08703066454464405,
    0.08156648668766912,
    0.08648538609766016,
    0.07992426035647232,
    0.08576642951087783,
    0.07894443848242573,
    0.0810064449797661,
    0.08198564272390219,
    0.08165496684712285,
    0.09692633090870907,
    0.08431064337763709,
    0.08361248581208526,
    0.08056939850972751,
    0.08117939743292381,
    0.07937587878297504,
    0.08717320439533222,
    0.08358461700752105,
    0.07839076715520835,
    0.07767253585156156,
    0.0781249011074909,
    0.08255792855188421,
    0.07925076430168482,
    0.08115791083251708,
    0.08318039952328307,
    0.088598509524955,
    0.07965566748252771,
    0.08096742203901595,
    0.08606654714336476,
    0.08143386164276618,
    0.08183610166900572,
    0.08066248919800334,
    0.08608908364026217,
    0.08741330430808292,
    0.08311862815846253,
    0.08216954271768512,
    0.08278298227117824,
    0.08385808022279331,
    0.0833701855260059,
    0.09014061939106235
  ],
  "val_score": [
    0.4024838330393886,
    0.6334264158338232,
    0.6760208455810308,
    0.7411326670585929,
    0.6853474671761708,
    0.7225008573388203,
    0.7033393347050754,
    0.7490967323143249,
    0.7036271555947482,
    0.7316498873211836,
    0.7470758622378992,
    0.747988315696649,
    0.7596358759553203,
    0.7509185773074661,
    0.7563657407407408,
    0.746546149323927,
    0.7683899176954733,
    0.7825727513227514,
    0.7679520625122476,
    0.7607014256319812,
    0.7610443611601019,
    0.7749669312169313,
    0.7742075739760924,
    0.7671927052714089,
    0.7892446844993143,
    0.7459490740740741,
    0.7846364883401921,
    0.7739534342543603,
    0.7954205859298452,
    0.7853774740348815,
    0.7746913580246912,
    0.7779155643738977,
    0.7975976141485399,
    0.7903561630413481,
    0.7890977121301196,
    0.7799333725259652,
    0.8134920634920635,
    0.7950286596119929,
    0.7929006221830296,
    0.7627682245737802,
    0.8071048892808153,
    0.799247991377621,
    0.7998420047031158,
    0.802980477170292,
    0.7760386047423083,
    0.7930904614932393,
    0.7968964334705075,
    0.8014188957475994,
    0.8022701107191849,
    0.7905153831079756,
    0.8072931976288457,
    0.8095483049186754,
    0.8038806829316089,
    0.8100933274544385,
    0.812181559866745,
    0.8157211444248482,
    0.8054208308837938,
    0.8101392563198117,
    0.8151271310993533,
    0.8128888643934941,
    0.8144504458161865,
    0.8138380609445425,
    0.8136420977856165,
    0.8148393102096805,
    0.8158619929453261,
    0.8191504997060554,
    0.8189637223202038,
    0.8160334607093866,
    0.8139544140701548,
    0.8164621301195375
  ]
}