{
  "train_loss": [
    0.6510287833213806,
    0.6142836046218872,
    0.5908328819274903,
    0.590651490688324,
    0.5676680612564087,
    0.5650627672672272,
    0.5599127292633057,
    0.5628245294094085,
    0.5493099498748779,
    0.5486127758026123,
    0.5471590757369995,
    0.5431068360805511,
    0.53007071018219,
    0.5366737127304078,
    0.5153740108013153,
    0.5334971153736114,
    0.5349890708923339,
    0.5217995476722718,
    0.5386282122135162,
    0.5156715500354767,
    0.503323860168457,
    0.5084510004520416,
    0.5052964472770691,
    0.5104046440124512,
    0.5066035687923431,
    0.5085886991024018,
    0.4986521029472351,
    0.5291600823402405,
    0.4973366677761078,
    0.48474804759025575,
    0.48747740149497987,
    0.49098899602890017,
    0.4939029657840729,
    0.47725305080413816,
    0.49799213171005247,
    0.4851359188556671,
    0.48998268842697146,
    0.4901447308063507,
    0.4933639597892761,
    0.4710473871231079,
    0.47417555928230287,
    0.45849404454231263,
    0.48662986874580383,
    0.47410025358200075,
    0.4939187490940094,
    0.4715737640857697,
    0.4708810007572174,
    0.471764372587204
  ],
  "val_loss": [
    0.7094771814346313,
    0.8878001117706299,
    0.9945731902122498,
    0.7641934823989868,
    0.7462843346595764,
    0.7102773523330689,
    0.8243950438499451,
    0.7649073958396911,
    0.8366091918945312,
    0.890892527103424,
    0.8898897695541382,
    0.8301377511024475,
    0.8625584268569946,
    0.7956137299537659,
    0.7398550415039062,
    0.8611242938041687,
    0.8065375161170959,
    0.8097491002082825,
    0.670279061794281,
    0.7441228008270264,
    0.7469950199127198,
    0.8418377709388732,
    0.7936926865577698,
    0.806421205997467,
    0.6731784534454346,
    0.8046830821037293,
    1.00488698720932,
    0.599315037727356,
    1.1829467964172364,
    0.9684859943389893,
    1.032318470478058,
    1.0330544304847717,
    0.8312939023971557,
    0.9749294281005859,
    1.0180452466011047,
    0.9686443185806275,
    1.083806791305542,
    1.043751995563507,
    1.0504802966117859,
    1.4711205768585205,
    1.307201828956604,
    1.2157835960388184,
    1.1691985869407653,
    1.1548672699928284,
    1.12830792427063,
    1.0718221735954285,
    1.1422597718238832,
    1.1066060042381287
  ],
  "val_score": [
    0.5,
    0.5,
    0.5,
    0.5,
    0.49,
    0.505,
    0.5,
    0.5,
    0.505,
    0.5,
    0.5,
    0.51,
    0.5,
    0.5,
    0.565,
    0.5,
    0.5,
    0.5,
    0.565,
    0.525,
    0.53,
    0.52,
    0.525,
    0.515,
    0.58,
    0.52,
    0.505,
    0.685,
    0.5,
    0.5,
    0.505,
    0.5,
    0.515,
    0.5,
    0.5,
    0.5,
    0.51,
    0.5,
    0.5,
    0.5,
    0.505,
    0.505,
    0.5,
    0.5,
    0.495,
    0.5,
    0.495,
    0.495
  ]
}