{
  "train_loss": [
    0.17235962905662064,
    0.15856128614212994,
    0.1576937968336814,
    0.15729476803299058,
    0.15687337972719467,
    0.15667280878091883,
    0.15652816332073902,
    0.1567327991770646,
    0.1562407396259112,
    0.156276124026953,
    0.1566185028823586,
    0.15614790827274133,
    0.15595532127406575,
    0.15596603604492104,
    0.15598900036779392,
    0.15605566142804753,
    0.15583931870412285,
    0.15591111247248607,
    0.15574535901859585,
    0.15612326403943072,
    0.1560773860646984,
    0.1557085752841131,
    0.1559166067303738,
    0.155625048286805,
    0.15579366626729238,
    0.15577458682594603,
    0.15529766988147012,
    0.1553237488347996,
    0.15557797559604108,
    0.15529679370929284,
    0.15529439390702737,
    0.15530920449733437,
    0.15524823704532845,
    0.15523987529321354,
    0.15520219641838215
  ],
  "val_loss": [
    0.10278256045038063,
    0.09889023795673194,
    0.09921420620083664,
    0.10156888299101523,
    0.10105122407545523,
    0.09996206136390932,
    0.09621713047726237,
    0.10194798790094135,
    0.10410290363602705,
    0.09630456116297748,
    0.10317719461468343,
    0.09704191551978299,
    0.0983034942444951,
    0.09984539437802667,
    0.09452630010669666,
    0.09984492663626482,
    0.10240418297108901,
    0.09966207112154182,
    0.10125756820397977,
    0.1002762426137417,
    0.09593254012849799,
    0.09882952557383533,
    0.10158554921975078,
    0.09907110532034263,
    0.09820712983803885,
    0.1023539584351954,
    0.09748393475625337,
    0.09503707205734055,
    0.09834390147386489,
    0.10106961778551883,
    0.09659093277202364,
    0.09958629749503387,
    0.1020132061243492,
    0.09780173350932561,
    0.09891199607220033
  ],
  "val_score": [
    0.560517403978052,
    0.6110207843425436,
    0.6258129409171076,
    0.6318020649617873,
    0.6279256687242798,
    0.6269887198706643,
    0.6295209313149126,
    0.6257425166568686,
    0.621253735547717,
    0.6208526234567902,
    0.6324695644718793,
    0.622614760924946,
    0.6172273050166569,
    0.6296709656084656,
    0.6238043185381148,
    0.6235976386439349,
    0.6150655864197531,
    0.6201116377621007,
    0.6256276944934352,
    0.6244289511071919,
    0.6264069542426025,
    0.6181749706055262,
    0.6214726631393298,
    0.6291535003919263,
    0.626609041250245,
    0.6231858098177543,
    0.626070142563198,
    0.6256996497158535,
    0.6267498897707231,
    0.6225320889672741,
    0.6211465681951793,
    0.6228964579659024,
    0.6232960390946503,
    0.6247718866353126,
    0.6262691676464824
  ]
}