{
  "train_loss": [
    1.8662953522261672,
    1.2027865750180857,
    1.155898838129033,
    1.0109867026486734,
    1.148658996626014,
    1.1522843902103008,
    1.091134037156207,
    0.9063964526350238,
    1.0842350879589806,
    0.9339304528166661,
    1.1000558871386157,
    0.8392331019563536,
    0.9645667058678661,
    0.7711037233790343,
    0.8952802722714213,
    0.8773191657726086,
    0.8783659722459062,
    0.7520638938293414,
    0.7032704312433944,
    0.7302746353052867,
    0.7222904048700837,
    0.8458385252308926,
    1.1393728231418254,
    0.841015636451601,
    0.6585224742159934,
    0.7493785863786232,
    0.7217054109605546
  ],
  "val_loss": [
    0.7835457154682705,
    1.1280542271477836,
    0.7753454106194633,
    1.3730737141200475,
    0.6024269717080253,
    0.7275561009134565,
    0.5509340592793056,
    0.8900771992547172,
    0.6414184740611485,
    0.6844104187829154,
    0.9704650810786656,
    0.7338944503239223,
    0.6889951229095459,
    0.6477370858192444,
    1.1455484117780412,
    0.7712289861270359,
    0.7552062443324498,
    0.6004036750112262,
    0.7131585478782654,
    0.6600944059235709,
    0.6398546866008213,
    0.7263061574527195,
    0.6995327983583722,
    0.5966078042984009,
    0.6519542932510376,
    0.6376278570720127,
    0.5834433351244245
  ],
  "val_score": [
    0.5446428571428571,
    0.4017857142857143,
    0.6785714285714286,
    0.4017857142857143,
    0.6964285714285714,
    0.6339285714285714,
    0.6428571428571429,
    0.5357142857142857,
    0.6160714285714286,
    0.625,
    0.4107142857142857,
    0.6517857142857143,
    0.6607142857142857,
    0.6428571428571429,
    0.38392857142857145,
    0.6339285714285714,
    0.625,
    0.6071428571428571,
    0.5982142857142857,
    0.6428571428571429,
    0.6517857142857143,
    0.625,
    0.6071428571428571,
    0.6696428571428571,
    0.6339285714285714,
    0.625,
    0.6875
  ]
}