{
  "train_loss": [
    0.17598334640990979,
    0.1588808879537505,
    0.1579836683611584,
    0.1577961428188815,
    0.1571147012000659,
    0.15690918531045664,
    0.15660966208254956,
    0.15676784592013074,
    0.15656196450080495,
    0.15655603547512348,
    0.15657597303971132,
    0.15634965141527774,
    0.1562693341593868,
    0.15636824878921537,
    0.15612322262910558,
    0.1561328579435687,
    0.15570495550464303,
    0.15584424241264483,
    0.15590242529229906,
    0.15572533501416136,
    0.15589909557017495,
    0.1557277501788193,
    0.15560343773455113,
    0.15575715099211115,
    0.15563747009706802
  ],
  "val_loss": [
    0.10113011356175974,
    0.1018203491471398,
    0.10418169799292722,
    0.098073706039903,
    0.09592810101805306,
    0.10481277039718837,
    0.10215936210065349,
    0.09854971049564064,
    0.10400033599988927,
    0.1021363981685846,
    0.11023074953864156,
    0.09820937026276688,
    0.10021076670223102,
    0.09813970717930487,
    0.09770196369934511,
    0.09965560013741262,
    0.09673231245337134,
    0.09644083520852675,
    0.10187579296690515,
    0.10239241305360995,
    0.10013785137331402,
    0.09727698737706056,
    0.10360506291614667,
    0.09735751436439535,
    0.10154279072173691
  ],
  "val_score": [
    0.6206780937683715,
    0.627846058690966,
    0.6328859861845972,
    0.6282961615716245,
    0.6228658387223202,
    0.6210899225945522,
    0.6262661057221243,
    0.622585672643543,
    0.6256261635312561,
    0.6246279761904762,
    0.618436765138154,
    0.6189159563002156,
    0.6266075102880659,
    0.6198421884185773,
    0.6271234445424261,
    0.6262569199490495,
    0.6245820473251029,
    0.6192099010386047,
    0.6221661890064667,
    0.622516779345483,
    0.6223682760141094,
    0.6268386855771114,
    0.6204606971389379,
    0.6242819787379972,
    0.6223943023711542
  ]
}