{
  "train_loss": [
    0.1959685933783871,
    0.1507798492183144,
    0.1461537933606454,
    0.14348676077817038,
    0.1418334641704318,
    0.1419869877532981,
    0.1398753451600058,
    0.13883920420407442,
    0.13765945556613454,
    0.137511892786635,
    0.13724931796392711,
    0.1367464872182805,
    0.1357232363534689,
    0.13457946006925048,
    0.13513696774154652,
    0.13404622924990547,
    0.1335897252159725,
    0.1325679375572918,
    0.133554274940043,
    0.13351859449561268,
    0.1323577867688553,
    0.13250048475560292,
    0.13156259594344366,
    0.1320185537327532,
    0.13114717056266703,
    0.13143185730660656,
    0.13063010365139557,
    0.1309492872741852,
    0.12966786363973345,
    0.1307552022514847,
    0.12882837605417818,
    0.12969839176339315,
    0.12830472771858598,
    0.12912908435879658,
    0.12920828924833738,
    0.1275792434648092,
    0.12741887376692038
  ],
  "val_loss": [
    0.09819763883180263,
    0.09580076460330526,
    0.09121410727388604,
    0.09131102244272998,
    0.0870701545292868,
    0.0897070125978075,
    0.0909086004290852,
    0.088333715809477,
    0.08497639551555881,
    0.0887374215103358,
    0.08343222275704196,
    0.08413796233198495,
    0.09693831762395402,
    0.08797909153605896,
    0.08494740890494351,
    0.0845980177602443,
    0.07815597548903325,
    0.08191492961601433,
    0.08103037706478695,
    0.08050404057491352,
    0.08109246930816212,
    0.08851805575184729,
    0.07858596812257099,
    0.08432918585340544,
    0.08125015583857097,
    0.08429688358995968,
    0.08987524664020874,
    0.08190208692497619,
    0.08066913645864873,
    0.07854314706155362,
    0.08165978956442266,
    0.07840771490036391,
    0.08893950936766493,
    0.08159754535922843,
    0.0827544443275342,
    0.09015211269464149,
    0.07925236689068564
  ],
  "val_score": [
    0.6971144424848128,
    0.7075418258867333,
    0.7295004164217129,
    0.7333370076425632,
    0.7477816358024691,
    0.7458602782676856,
    0.7428044777581814,
    0.7463256907701352,
    0.7564453507740544,
    0.75616059180874,
    0.7612495100921026,
    0.769400352733686,
    0.7599083872232021,
    0.7597185479129922,
    0.7639654369978444,
    0.7687573486184597,
    0.7760477905153831,
    0.7701045953360768,
    0.768484837350578,
    0.7735431363903587,
    0.778044165196943,
    0.7626824906917499,
    0.7674682784636487,
    0.7618067803252988,
    0.7864154663923182,
    0.7643114344503233,
    0.7639133842837547,
    0.7769939251420734,
    0.7933476631393298,
    0.788978297080149,
    0.7818011463844797,
    0.7802395649617871,
    0.7669599990201842,
    0.773604374877523,
    0.7821073388203017,
    0.7802028218694884,
    0.7971490422300607
  ]
}