{
  "train_loss": [
    0.6458161497116088,
    0.6146920680999756,
    0.5874802470207214,
    0.5720687866210937,
    0.5569105124473572,
    0.5573274683952332,
    0.5588507282733918,
    0.5628623235225677,
    0.5583885443210602,
    0.541267775297165,
    0.5307061123847961,
    0.5390790033340455,
    0.5286073470115662,
    0.5306736660003663,
    0.5122913134098053,
    0.5091676843166352,
    0.5045290160179138,
    0.5146937561035156,
    0.4992653524875641,
    0.5158186674118042,
    0.508294507265091,
    0.5086760807037354,
    0.49125338196754453,
    0.48092865228652953,
    0.4939242088794708,
    0.500639955997467,
    0.5165519976615905,
    0.4718958246707916,
    0.48052675247192383,
    0.4831216561794281,
    0.4788405179977417,
    0.47405502319335935,
    0.47757792234420776,
    0.4741431546211243,
    0.4673809814453125,
    0.46417513728141785
  ],
  "val_loss": [
    0.730030665397644,
    1.0386523628234863,
    1.1900404644012452,
    0.7761651611328125,
    0.6660212135314941,
    0.7729886102676392,
    0.635532488822937,
    0.8784559726715088,
    0.7352138996124268,
    0.6944370985031127,
    0.7699884080886841,
    0.6211668467521667,
    0.7278238689899444,
    0.6237634229660034,
    0.92135014295578,
    0.578369927406311,
    0.615702702999115,
    1.1009555864334106,
    0.8480870413780213,
    0.6238871788978577,
    1.1857655000686647,
    1.0979322242736815,
    0.958100368976593,
    0.5958666384220124,
    0.7954587984085083,
    0.8131025791168213,
    0.6695907330513,
    1.1111950731277467,
    0.8591342210769654,
    1.0228146815299988,
    1.0450014758110047,
    1.0989774370193481,
    1.178346495628357,
    0.8503337705135345,
    0.824634290933609,
    0.6372218823432922
  ],
  "val_score": [
    0.5,
    0.5,
    0.5,
    0.5,
    0.54,
    0.505,
    0.58,
    0.5,
    0.525,
    0.55,
    0.535,
    0.66,
    0.595,
    0.64,
    0.51,
    0.705,
    0.69,
    0.505,
    0.515,
    0.655,
    0.5,
    0.505,
    0.52,
    0.67,
    0.55,
    0.56,
    0.595,
    0.505,
    0.525,
    0.515,
    0.51,
    0.505,
    0.51,
    0.545,
    0.55,
    0.655
  ]
}