{
  "train_loss": [
    5.906532182693481,
    3.4578405237197876,
    2.975932297706604,
    2.6501197910308836,
    2.487827796936035,
    2.088004093170166,
    1.9827462816238404,
    1.7619477415084839,
    1.7207062673568725,
    1.670011112689972,
    1.6467768454551697,
    1.7910692024230956,
    1.4920993661880493,
    1.0553768396377563,
    1.2498111152648925,
    1.227550549507141,
    1.0832834255695343,
    0.8350627863407135,
    1.0699019300937653,
    0.7673843729496003,
    0.711315951347351,
    0.7169969773292542,
    0.6154167151451111,
    0.6464874339103699,
    0.6727514207363129,
    0.6247594368457794,
    0.6667779898643493,
    0.5455460000038147,
    0.5076290225982666,
    0.5513047873973846,
    0.5858386051654816,
    0.5405480170249939,
    0.5215185141563415,
    0.49955521821975707,
    0.5025104403495788,
    0.4686347496509552,
    0.4545588970184326,
    0.4372624838352203,
    0.4201938587427139,
    0.48953829288482664,
    0.4709787195920944,
    0.38453498005867004,
    0.42160903215408324,
    0.3833353054523468,
    0.4349872255325317,
    0.43181610107421875,
    0.41087089717388153,
    0.4661121088266373,
    0.3793927443027496,
    0.40724956929683687,
    0.37837254762649536,
    0.3445514369010925,
    0.32802260637283326,
    0.3667528349161148,
    0.3194231653213501,
    0.30940685033798215,
    0.32195586562156675,
    0.3226774966716766
  ],
  "val_loss": [
    4.59446002960205,
    11.88141969680786,
    11.682751808166504,
    13.966756763458251,
    10.937946243286133,
    13.216229267120362,
    20.696273307800293,
    9.50487853050232,
    12.776080970764161,
    8.95188256263733,
    11.476803436279297,
    18.824624824523926,
    12.917082023620605,
    12.29453399658203,
    7.247788114547729,
    10.309184608459473,
    7.289074878692627,
    6.066567363739014,
    6.644886922836304,
    4.615747385025024,
    3.8334166431427,
    3.3680900382995604,
    4.721805067062378,
    3.645552496910095,
    4.614759554862976,
    4.833210248947143,
    5.064286117553711,
    2.986211919784546,
    4.092545108795166,
    4.013252167701721,
    3.4545085573196412,
    4.246251068115234,
    4.3621324634552,
    3.933864188194275,
    3.2336057138442995,
    3.941051959991455,
    4.453259897232056,
    2.0659108781814575,
    3.721898498535156,
    4.093875374794006,
    4.527590370178222,
    4.300379753112793,
    4.897271790504456,
    3.652912678718567,
    3.533815631866455,
    3.3952634954452514,
    3.521382074356079,
    4.362284798622131,
    4.220685830116272,
    3.6243899488449096,
    3.5453230333328247,
    4.111379270553589,
    3.729101314544678,
    3.5334174823760987,
    3.5605318403244017,
    3.5658575248718263,
    3.6247585678100585,
    4.1355997705459595
  ],
  "val_score": [
    0.5,
    0.5,
    0.5,
    0.5,
    0.5,
    0.5,
    0.5,
    0.495,
    0.5,
    0.5,
    0.5,
    0.5,
    0.5,
    0.5,
    0.5,
    0.5,
    0.5,
    0.5,
    0.5,
    0.48,
    0.475,
    0.495,
    0.475,
    0.525,
    0.48,
    0.48,
    0.515,
    0.54,
    0.505,
    0.495,
    0.53,
    0.525,
    0.495,
    0.515,
    0.54,
    0.52,
    0.515,
    0.6,
    0.53,
    0.525,
    0.505,
    0.52,
    0.505,
    0.525,
    0.545,
    0.535,
    0.55,
    0.535,
    0.55,
    0.535,
    0.535,
    0.52,
    0.545,
    0.555,
    0.585,
    0.595,
    0.545,
    0.54
  ]
}