{
  "train_loss": [
    0.6752019349582016,
    0.6390808197859301,
    0.6255510521820077,
    0.6263212598483126,
    0.6105762063048956,
    0.6088071804749282,
    0.6039945164735191,
    0.5988417155831147,
    0.5850538076378229,
    0.603766950096671,
    0.5889307622566267,
    0.5992033397118877,
    0.5885375563822125,
    0.5964473306261112,
    0.5850687100058599,
    0.581752150043996,
    0.5952738448390811,
    0.5823807352305264,
    0.5902711564698021,
    0.5848110898139104,
    0.5732912828871316,
    0.5845216314221394,
    0.5760613347333515,
    0.5826445811242703,
    0.5686923421676301,
    0.5788920734274642,
    0.5749258914599938
  ],
  "val_loss": [
    0.6651450906481061,
    0.6345887013844081,
    0.6551024658339364,
    0.6404748899596078,
    0.6125458989824567,
    0.637197026184627,
    0.6116672583988735,
    0.6348787886755807,
    0.6928705487932477,
    0.6919474005699158,
    0.647387615271977,
    0.6825045262064252,
    0.6416665656226022,
    0.6402749844959804,
    0.6710824114935738,
    0.6374150088855198,
    0.6642695920807975,
    0.655752318246024,
    0.654553873198373,
    0.6680607114519391,
    0.7088597842625209,
    0.704143830708095,
    0.6815521717071533,
    0.6545137763023376,
    0.6853284580366952,
    0.7189456139292035,
    0.7043267318180629
  ],
  "val_score": [
    0.6339285714285714,
    0.6785714285714286,
    0.6428571428571429,
    0.7142857142857143,
    0.7232142857142857,
    0.7142857142857143,
    0.6875,
    0.6875,
    0.5357142857142857,
    0.4732142857142857,
    0.6875,
    0.5446428571428571,
    0.7053571428571429,
    0.6875,
    0.6785714285714286,
    0.6875,
    0.6875,
    0.6964285714285714,
    0.6964285714285714,
    0.6875,
    0.45535714285714285,
    0.48214285714285715,
    0.5982142857142857,
    0.6785714285714286,
    0.5803571428571429,
    0.44642857142857145,
    0.5446428571428571
  ]
}