{
  "train_loss": [
    0.18267031984963014,
    0.156321463447288,
    0.1537819438412718,
    0.1499639880833808,
    0.14963597988449442,
    0.14735996122108105,
    0.1469936819773642,
    0.14666066064034322,
    0.14507508038751418,
    0.14468584115464148,
    0.1429103429453492,
    0.14212747593534156,
    0.142517056346369,
    0.1427540860565502,
    0.14168008317273748,
    0.14236127440009635,
    0.14079253838301403,
    0.1411648981008449,
    0.14012624720603292,
    0.1407223025999864,
    0.1397211325284192,
    0.13767087981700427,
    0.13767795406447486,
    0.13768794594309308,
    0.13838124281010417,
    0.13677694763022313,
    0.1363058026078037,
    0.1369733075445104,
    0.13756974415712028,
    0.13589059632626044,
    0.13539535415382817,
    0.13670535127563732,
    0.13656416942542754,
    0.13543013642891058,
    0.13652955863587107,
    0.1351543778920405,
    0.13543834007930214,
    0.1349865208064841,
    0.13525537393625078,
    0.13553275034758475,
    0.1350422514699521,
    0.13447547626001782,
    0.13406221554680134,
    0.13392641086287926,
    0.13276104576564587,
    0.13402964561503503,
    0.13310017335687446,
    0.1338287140476145,
    0.132593477005398,
    0.13453288663973878,
    0.1320399450283312,
    0.13290694551542118,
    0.13289310839150018,
    0.13282839382548936,
    0.1324231578009119,
    0.1322905644939749,
    0.13249797413583017,
    0.13196543180031464,
    0.1324322294443959,
    0.13279305338917982,
    0.1321275732819813,
    0.13236500113257732,
    0.1323746357683562,
    0.13141872924811837,
    0.13217992499754458,
    0.13157329075363394,
    0.13210559137678918,
    0.13285371734127224,
    0.13230208122519607,
    0.13234204617484488,
    0.1306807317589486,
    0.13139656885304837,
    0.13194746642661467,
    0.1313075670728858,
    0.1319237289333333,
    0.13129144848493152,
    0.1309295833440414,
    0.13236817542095214,
    0.131227575769932,
    0.1313966193579574,
    0.13108389256069433,
    0.13049350823025088,
    0.1320488249210995,
    0.13168925418130709,
    0.1309966237844803,
    0.13062261668419747,
    0.13029302104984655,
    0.13118433330583637,
    0.13120110113010564,
    0.13250057669971008,
    0.1310467890109283
  ],
  "val_loss": [
    0.112269776667915,
    0.10050366860478138,
    0.10734552155691952,
    0.109423848069659,
    0.09849299583652,
    0.1001918733821004,
    0.09456957206890845,
    0.0928169068951253,
    0.08765857961094933,
    0.08253938856802079,
    0.0880308670607465,
    0.09063778867423825,
    0.09661956857043028,
    0.10123948954360969,
    0.0831333470994771,
    0.08457009275931816,
    0.08813930592489937,
    0.08927248697139191,
    0.08817715349897232,
    0.08554602358983855,
    0.08713444398497357,
    0.08358615890567375,
    0.08235393114181482,
    0.08331269583690422,
    0.0836529495247087,
    0.08140754601366794,
    0.0811625935294417,
    0.08260703313241627,
    0.08197476705543039,
    0.07976116317781963,
    0.08451760850018925,
    0.08115194483241032,
    0.08180477585595526,
    0.08340923982535854,
    0.0809355591893207,
    0.08257515097764716,
    0.08076419559036355,
    0.08253351809674773,
    0.08119591022235921,
    0.08377931088072386,
    0.08096196481524637,
    0.07938722491200036,
    0.07970468588843634,
    0.08048316268891154,
    0.07942126723517655,
    0.08071179465935768,
    0.08157541292160025,
    0.08083547645472869,
    0.08066670111532907,
    0.08289157782124032,
    0.08141550793451294,
    0.08124046241051665,
    0.08088999741896172,
    0.08068704616831815,
    0.07964945558314555,
    0.0800880464436946,
    0.08128717083188665,
    0.0809133626430513,
    0.07895021974395552,
    0.08135237947080096,
    0.07990117882437951,
    0.0803354997389379,
    0.08106081253481467,
    0.08104281030607077,
    0.08021497995987328,
    0.07996839726963727,
    0.07936351339124667,
    0.07938348739744211,
    0.08166488069577205,
    0.07984720309867951,
    0.07797496245891841,
    0.08020298712389394,
    0.07937709687568868,
    0.07955579351409164,
    0.08113009814461007,
    0.07891030271496617,
    0.0795388740244886,
    0.07929307507763603,
    0.08174520436993175,
    0.08142066978659945,
    0.0808197763924406,
    0.08026970090689181,
    0.07954032404482755,
    0.07911974732163336,
    0.08066025271277205,
    0.07911570806105171,
    0.07864916695514185,
    0.07949260412698393,
    0.07872664661900952,
    0.08013678112952866,
    0.08081716297471969
  ],
  "val_score": [
    0.6317270478150108,
    0.6906384724671762,
    0.708177175191064,
    0.682631540270429,
    0.7041997354497354,
    0.7181988536155203,
    0.7356824417009603,
    0.7400732412306487,
    0.744228272584754,
    0.7687114197530863,
    0.773714604154419,
    0.787079903978052,
    0.7884975749559082,
    0.744295634920635,
    0.7939386145404664,
    0.7996276699980402,
    0.7800436018028611,
    0.8020435283166765,
    0.7619660003919263,
    0.8016056731334508,
    0.7873493533215755,
    0.8005186899862824,
    0.7981456986086615,
    0.8191443758573388,
    0.7920739026063099,
    0.8125459288653734,
    0.8230605771115029,
    0.8062659220066627,
    0.8044410150891632,
    0.7985008818342151,
    0.7955308152067412,
    0.8095697383891828,
    0.8038929306290417,
    0.8019608563590045,
    0.8079239540466392,
    0.7936752890456594,
    0.8043920242994316,
    0.7991469478737996,
    0.81644069664903,
    0.8055310601606896,
    0.8116242896335488,
    0.8006319811875366,
    0.8074141436409955,
    0.8073712766999804,
    0.8136191333529297,
    0.801829193611601,
    0.8068905545757397,
    0.8010162526944934,
    0.8009779786400157,
    0.7987703311777384,
    0.8159538506760728,
    0.7997899519890259,
    0.8110057809131882,
    0.8089328581226729,
    0.8029590436997845,
    0.8040552126200274,
    0.8044103958455808,
    0.8088042572996278,
    0.8022578630217518,
    0.8159017979619831,
    0.8108557466196356,
    0.8119947824808936,
    0.8066762198706643,
    0.8095574906917499,
    0.8050411522633744,
    0.8050778953556731,
    0.8085011267881639,
    0.80991879776602,
    0.8110210905349794,
    0.8119029247501468,
    0.8127082108563589,
    0.8051544434646286,
    0.8106521286498137,
    0.8109506662747403,
    0.8133512149715852,
    0.8050962669018223,
    0.8049033656672546,
    0.8030998922202626,
    0.8085623652753284,
    0.8096646580442877,
    0.8078397511267882,
    0.809560552616108,
    0.8053626543209877,
    0.8089236723495983,
    0.8110119047619047,
    0.8110517097785616,
    0.8089940966098373,
    0.8079989711934156,
    0.8048941798941799,
    0.8049186752890456,
    0.807518249069175
  ]
}