{
  "train_loss": [
    0.7158686070125738,
    0.6642673528502843,
    0.6404381715540677,
    0.6229004366459541,
    0.6084744911494218,
    0.5878193778718148,
    0.5886913785381982,
    0.599284753555388,
    0.6008553388952806,
    0.6079246376309003,
    0.5856654237038105,
    0.5915910328064781,
    0.5920703148949132,
    0.6038847327634642,
    0.6015195780181241,
    0.5816405001855942,
    0.5876850281979289,
    0.5769719885760674,
    0.5760898756364065,
    0.5689419828464264,
    0.5836223853988777,
    0.58990503396709,
    0.5707429786903115,
    0.5831144636473854,
    0.5783819841185356,
    0.5780747381989143,
    0.5797534033874022,
    0.5771327706638417,
    0.5648082745490917,
    0.593416351033008,
    0.5789806500865048,
    0.5730535369219742,
    0.5695099892310538,
    0.5659961803021125,
    0.5731225251749208,
    0.5899566995279594,
    0.5681815190309882,
    0.5652941837487795,
    0.5714247282363969,
    0.5782911100993676,
    0.5718483038506438,
    0.5656146225765666,
    0.558794383525312,
    0.5723894431566897,
    0.579897847835339,
    0.5800297560654287,
    0.5597305121518361,
    0.571745044804263,
    0.5688218471035781,
    0.558570185313745,
    0.5833825277933522,
    0.567440457432557,
    0.5839471957814975,
    0.5614694391782694,
    0.5706263400438264,
    0.5665883480899111,
    0.567341304938356,
    0.5566971372431657,
    0.5707192107850709,
    0.5723190512110063,
    0.5753723003464689,
    0.568980268471957,
    0.5651989129316418,
    0.5716872530391165,
    0.5682090407549597,
    0.5743034514855212,
    0.5573560022932338,
    0.5757559859712427,
    0.562453300196623,
    0.5694604584417139,
    0.5683777788224451,
    0.5586535413031906,
    0.5553245322508539,
    0.5692177940541365,
    0.569380593547939,
    0.5765727968264216,
    0.5640255587575674
  ],
  "val_loss": [
    0.694472210747855,
    0.6645865270069667,
    0.6574817555291312,
    0.620279346193586,
    0.6318657313074384,
    0.6093240976333618,
    0.6927833557128906,
    0.6973181452069964,
    0.6848296097346714,
    0.5912348202296666,
    0.6577268072537014,
    0.583735968385424,
    0.591123138155256,
    0.5856322220393589,
    0.5915248734610421,
    0.5657236320631844,
    0.5803458179746356,
    0.5592647620609829,
    0.6000595603670392,
    0.6152197463171822,
    0.5791403566087995,
    0.5569912365504673,
    0.5861508761133466,
    0.5749627947807312,
    0.5679381915501186,
    0.616719731262752,
    0.5476744174957275,
    0.5771605457578387,
    0.5772984027862549,
    0.5788904683930534,
    0.558023989200592,
    0.550446595464434,
    0.5288581507546561,
    0.5544048377445766,
    0.5392275026866368,
    0.5641251376696995,
    0.5790196572031293,
    0.5370229482650757,
    0.5483818565096173,
    0.5541484781673977,
    0.5516496641295296,
    0.5536712408065796,
    0.5646610600607735,
    0.5353493945939201,
    0.5376348665782383,
    0.5230610540934971,
    0.5300319961139134,
    0.5427030665533883,
    0.5362288781574794,
    0.5434483460017613,
    0.549251845904759,
    0.5313310027122498,
    0.5420919912202018,
    0.5405625019754682,
    0.5524179254259381,
    0.5512006793703351,
    0.5211645109312875,
    0.5304843783378601,
    0.539412362234933,
    0.5393540178026471,
    0.5525139570236206,
    0.5390840939113072,
    0.5394740615572248,
    0.527786101613726,
    0.5344080243791852,
    0.5421671867370605,
    0.5261565361704145,
    0.5312559349196297,
    0.5315029450825283,
    0.5263826506478446,
    0.5308770281927926,
    0.5388500435011727,
    0.5399394375937325,
    0.5292692865644183,
    0.5363889677183968,
    0.5451482023511615,
    0.5392627716064453
  ],
  "val_score": [
    0.3482142857142857,
    0.6607142857142857,
    0.6607142857142857,
    0.75,
    0.7053571428571429,
    0.7410714285714286,
    0.45535714285714285,
    0.44642857142857145,
    0.49107142857142855,
    0.7321428571428571,
    0.6160714285714286,
    0.7232142857142857,
    0.6696428571428571,
    0.7321428571428571,
    0.7321428571428571,
    0.7321428571428571,
    0.6964285714285714,
    0.7142857142857143,
    0.7321428571428571,
    0.6875,
    0.7232142857142857,
    0.7321428571428571,
    0.7321428571428571,
    0.7589285714285714,
    0.7589285714285714,
    0.6875,
    0.7589285714285714,
    0.7142857142857143,
    0.6964285714285714,
    0.75,
    0.7232142857142857,
    0.7321428571428571,
    0.7410714285714286,
    0.7767857142857143,
    0.7321428571428571,
    0.7410714285714286,
    0.7678571428571429,
    0.75,
    0.75,
    0.7321428571428571,
    0.75,
    0.75,
    0.7321428571428571,
    0.7410714285714286,
    0.7410714285714286,
    0.7857142857142857,
    0.75,
    0.7232142857142857,
    0.7410714285714286,
    0.7321428571428571,
    0.7142857142857143,
    0.7678571428571429,
    0.7410714285714286,
    0.7410714285714286,
    0.7142857142857143,
    0.7142857142857143,
    0.7321428571428571,
    0.7589285714285714,
    0.7321428571428571,
    0.7410714285714286,
    0.7142857142857143,
    0.7410714285714286,
    0.7321428571428571,
    0.7410714285714286,
    0.75,
    0.7321428571428571,
    0.7678571428571429,
    0.7589285714285714,
    0.7410714285714286,
    0.75,
    0.75,
    0.75,
    0.7410714285714286,
    0.75,
    0.75,
    0.7232142857142857,
    0.7232142857142857
  ]
}