{
  "train_loss": [
    0.6630319499969483,
    0.6066455388069153,
    0.5130163371562958,
    0.44962389826774596,
    0.4112908172607422,
    0.4012466871738434,
    0.3797464990615845,
    0.35371965169906616,
    0.34445223212242126,
    0.3476684433221817,
    0.3328940832614899,
    0.32318532884120943,
    0.30695698261260984,
    0.29733444154262545,
    0.2830201703310013,
    0.27951212286949156,
    0.28030046582221985,
    0.28607884526252747,
    0.267568421959877,
    0.27699746966362,
    0.2629211413860321
  ],
  "val_loss": [
    0.765736837387085,
    1.279303755760193,
    1.6558692073822021,
    0.8220595979690551,
    1.6010536003112792,
    1.1447157335281373,
    2.054902124404907,
    1.2150079250335692,
    1.3948065495491029,
    1.9404343223571778,
    1.9645448875427247,
    2.229476280212402,
    1.9414008283615112,
    1.4918128585815429,
    2.1661177825927735,
    2.4451423263549805,
    2.0337031269073487,
    2.1965065383911133,
    2.5725607967376707,
    1.9735324668884278,
    2.4224576234817503
  ],
  "val_score": [
    0.5,
    0.5,
    0.5,
    0.61,
    0.505,
    0.525,
    0.505,
    0.56,
    0.525,
    0.54,
    0.525,
    0.515,
    0.52,
    0.56,
    0.525,
    0.53,
    0.53,
    0.52,
    0.51,
    0.56,
    0.515
  ]
}