{
  "train_loss": [
    0.7300683126540769,
    0.7168768329883185,
    0.6951645343858829,
    0.697286450554469,
    0.6792235961781041,
    0.6861766863727462,
    0.6838300799358011,
    0.6724342807741884,
    0.680635310734619,
    0.6724936022801394,
    0.6516490736211513,
    0.6549184179547399,
    0.6668667974970874,
    0.6626102692364841,
    0.6601840807428778,
    0.667144136300103,
    0.6525897550636524,
    0.6694224256230151,
    0.6460310413813296,
    0.6544941030149385,
    0.638209892338387,
    0.6399594478988003,
    0.6408418100515823,
    0.6416719547138707,
    0.6398081933687723,
    0.6350147318518202,
    0.6329412927643655,
    0.6268442752524892,
    0.6217860119549308,
    0.632308675145942,
    0.6187741667937374,
    0.6188684846070271,
    0.6093879864374081,
    0.6254064710255549,
    0.6081848697667718,
    0.6281725797127551,
    0.6123642271093362,
    0.6069164985478662,
    0.6114040116357321,
    0.6172525916914838,
    0.6099316485821195,
    0.5997427376102409,
    0.5969640165399781,
    0.6058172648615456,
    0.5851531931868554,
    0.5959513550802344,
    0.5895555747507394,
    0.5932360185547004,
    0.585250481711732,
    0.5825932075524088,
    0.6125529167756724,
    0.603674959278214,
    0.5868646672793797,
    0.601263184045914,
    0.5967616330920242,
    0.5754178411780916,
    0.5952215518538407,
    0.5835637158564427,
    0.5880550646272366,
    0.5991643229405175,
    0.5829112169042615,
    0.5981550600182756,
    0.579065801322259,
    0.5915945925916408,
    0.5781396438354046,
    0.5758780455562476,
    0.569892352390343,
    0.566266453239325,
    0.5865835081471635,
    0.5843249959672128,
    0.5822000768375075,
    0.5871492771785894,
    0.5830192129443011,
    0.5763170926321478,
    0.5760581801122702,
    0.562871053462892,
    0.5661407023902953,
    0.5648545027114409,
    0.5721914011930588,
    0.5684218293368078,
    0.5558940959325389,
    0.5701399704334572,
    0.5678264967368075,
    0.5837059596928488,
    0.566196134911077,
    0.5705361891248765,
    0.5814552272935015,
    0.567723523913406,
    0.5795390932444646,
    0.5851258754864318,
    0.5798377086260724,
    0.5611843226731025,
    0.5734766402582484,
    0.5649107865595308,
    0.5599007392626913,
    0.5875315457012575,
    0.5645503286435714,
    0.5663516997486453,
    0.5622215910622991
  ],
  "val_loss": [
    0.6912233488900321,
    0.6941499028887067,
    0.7068249242646354,
    0.7018960288592747,
    0.6984580414635795,
    0.7271081124033246,
    0.7116647107260567,
    0.7019080604825702,
    0.7287477254867554,
    0.7309250491006034,
    0.6900482262883868,
    0.7331018192427499,
    0.7091862218720573,
    0.7396509391920907,
    0.7225368704114642,
    0.7101709927831378,
    0.7096609473228455,
    0.7176895993096488,
    0.7525171978133065,
    0.7839917540550232,
    0.6981733356203351,
    0.7221468687057495,
    0.6740765656743731,
    0.6914420638765607,
    0.668059161731175,
    0.6824060167585101,
    0.6837727086884635,
    0.6761623195239476,
    0.6963289124625069,
    0.6940074733325413,
    0.6763036336217608,
    0.6587491376059396,
    0.6693300519670758,
    0.657548359462193,
    0.6640108057430812,
    0.6443619472639901,
    0.6482311998094831,
    0.6888573340007237,
    0.6427631718771798,
    0.6755152089255196,
    0.6572191459792001,
    0.6780767866543361,
    0.6453043648174831,
    0.6330152750015259,
    0.6227473616600037,
    0.6295849084854126,
    0.6312259265354702,
    0.636874258518219,
    0.6282387886728559,
    0.6239697252001081,
    0.6391525864601135,
    0.6280439921787807,
    0.6395632880074638,
    0.6234751769474575,
    0.6314841423715863,
    0.619028125490461,
    0.6137683902468,
    0.6149275728634426,
    0.6210659657205854,
    0.6136609230722699,
    0.6124950136457171,
    0.6070335677691868,
    0.6084421106747219,
    0.6090961865016392,
    0.6028407982417515,
    0.622211217880249,
    0.6204369153295245,
    0.6262247051511493,
    0.6364446708134243,
    0.6506121414048331,
    0.6455478242465428,
    0.6241411907332284,
    0.63241388968059,
    0.6647817237036568,
    0.6836452569280352,
    0.6238151788711548,
    0.6120260443006244,
    0.6000817332948957,
    0.5979549203600202,
    0.6198874456541879,
    0.619167855807713,
    0.6418420842715672,
    0.627260719026838,
    0.617344149521419,
    0.6272126095635551,
    0.6156038897378104,
    0.6202328971454075,
    0.6090870244162423,
    0.6238577195576259,
    0.6062714968408857,
    0.6292611871446881,
    0.6194902317864555,
    0.6270867415836879,
    0.6085025923592704,
    0.6203872050557818,
    0.6070671422140939,
    0.6236465573310852,
    0.6216631787163871,
    0.6196345431464059
  ],
  "val_score": [
    0.625,
    0.45535714285714285,
    0.36607142857142855,
    0.38392857142857145,
    0.4642857142857143,
    0.4017857142857143,
    0.39285714285714285,
    0.42857142857142855,
    0.4017857142857143,
    0.4017857142857143,
    0.5892857142857143,
    0.35714285714285715,
    0.4017857142857143,
    0.33035714285714285,
    0.3482142857142857,
    0.42857142857142855,
    0.4017857142857143,
    0.36607142857142855,
    0.36607142857142855,
    0.4017857142857143,
    0.49107142857142855,
    0.42857142857142855,
    0.5803571428571429,
    0.5446428571428571,
    0.6071428571428571,
    0.5803571428571429,
    0.5982142857142857,
    0.5892857142857143,
    0.5178571428571429,
    0.4642857142857143,
    0.6071428571428571,
    0.6428571428571429,
    0.6428571428571429,
    0.6339285714285714,
    0.6607142857142857,
    0.6696428571428571,
    0.6875,
    0.5625,
    0.6785714285714286,
    0.5982142857142857,
    0.6339285714285714,
    0.5714285714285714,
    0.6607142857142857,
    0.6785714285714286,
    0.7053571428571429,
    0.6785714285714286,
    0.6607142857142857,
    0.6607142857142857,
    0.6964285714285714,
    0.6696428571428571,
    0.6607142857142857,
    0.6785714285714286,
    0.6696428571428571,
    0.6696428571428571,
    0.6517857142857143,
    0.6696428571428571,
    0.6607142857142857,
    0.7232142857142857,
    0.6607142857142857,
    0.6964285714285714,
    0.6517857142857143,
    0.6964285714285714,
    0.7053571428571429,
    0.6964285714285714,
    0.6875,
    0.6696428571428571,
    0.6964285714285714,
    0.6964285714285714,
    0.6517857142857143,
    0.6160714285714286,
    0.6160714285714286,
    0.6785714285714286,
    0.6875,
    0.5892857142857143,
    0.5625,
    0.6696428571428571,
    0.7053571428571429,
    0.6785714285714286,
    0.6785714285714286,
    0.6964285714285714,
    0.6964285714285714,
    0.6160714285714286,
    0.7053571428571429,
    0.7142857142857143,
    0.6964285714285714,
    0.6875,
    0.7053571428571429,
    0.6785714285714286,
    0.6785714285714286,
    0.6875,
    0.6696428571428571,
    0.6785714285714286,
    0.6785714285714286,
    0.7142857142857143,
    0.6875,
    0.6964285714285714,
    0.6875,
    0.6875,
    0.6875
  ]
}