{
  "train_loss": [
    0.6901403832435608,
    0.6679593729972839,
    0.6595256519317627,
    0.6448906254768372,
    0.6504131841659546,
    0.6299829530715942,
    0.5959564518928527,
    0.5823078227043151,
    0.5413412988185883,
    0.5531846904754638,
    0.536381219625473,
    0.5151035749912262,
    0.5133379650115967,
    0.5078537571430206,
    0.5058575546741486,
    0.5004817974567414,
    0.4926121520996094,
    0.48573890686035154,
    0.4501405334472656,
    0.45922386169433593,
    0.4438639163970947,
    0.45247901082038877,
    0.44582674264907834,
    0.4523166000843048,
    0.4441356658935547,
    0.44005743741989134,
    0.4238033616542816,
    0.42153703927993774,
    0.3812791037559509,
    0.3913172233104706,
    0.3771209287643433,
    0.37903903841972353,
    0.374441032409668,
    0.36997834920883177,
    0.3707888805866241,
    0.3662361341714859,
    0.36582221031188966,
    0.3502220904827118,
    0.3197085845470429,
    0.3139298540353775,
    0.3209568876028061,
    0.3276608407497406,
    0.3382692742347717,
    0.3260660767555237,
    0.3329886364936829,
    0.3040193808078766,
    0.3143244618177414,
    0.301773402094841,
    0.30198664784431456,
    0.3004498106241226,
    0.3014514219760895,
    0.30516260862350464,
    0.2772025752067566,
    0.27773918211460114,
    0.28558773517608643,
    0.28735742092132566,
    0.2576257836818695,
    0.2808878439664841,
    0.27141021728515624,
    0.26007490277290346,
    0.26545212268829343,
    0.26183246850967407,
    0.2687097543478012,
    0.2600646835565567,
    0.2600389432907104,
    0.2735536128282547,
    0.2509987044334412,
    0.2566952055692673,
    0.27118831872940063,
    0.251957631111145,
    0.27692063510417936,
    0.23888925194740296,
    0.23764036059379579,
    0.2493441528081894,
    0.24513277024030686,
    0.24135063707828522,
    0.22553478360176085,
    0.24318496823310853,
    0.2457714319229126,
    0.21942627012729646,
    0.21154503643512726,
    0.2420801502466202,
    0.23415005922317506,
    0.22559496521949768
  ],
  "val_loss": [
    0.6957231903076172,
    0.7059532189369202,
    0.6999214267730713,
    0.6606461095809937,
    0.7515793514251708,
    0.7285352325439454,
    0.9100939083099365,
    0.6379372358322144,
    1.286636335849762,
    0.5848585057258606,
    0.5408626389503479,
    0.9929358267784119,
    0.5203532958030701,
    0.6728198766708374,
    1.145609335899353,
    0.5349443662166595,
    0.5090330696105957,
    0.5048133254051208,
    0.5843467783927917,
    0.7477878904342652,
    0.5888875913619995,
    0.7920919132232666,
    0.5208478307723999,
    0.6911935830116271,
    0.5984666013717651,
    0.5632399415969849,
    0.9166159915924073,
    0.5177381873130799,
    0.8199276876449585,
    0.5083313202857971,
    0.6215893077850342,
    0.5020722126960755,
    0.6377115392684937,
    0.49960211277008054,
    1.0946480417251587,
    0.772743501663208,
    0.6166573929786682,
    0.4957580852508545,
    0.5112828636169433,
    0.9811751222610474,
    0.595308804512024,
    0.6917330312728882,
    1.1626043128967285,
    0.506984179019928,
    0.5341664314270019,
    0.5876212882995605,
    0.7044603872299194,
    0.6784112739562989,
    0.6012141323089599,
    0.6730442237854004,
    0.9862200021743774,
    0.7079802274703979,
    0.48546199321746825,
    0.5295054197311402,
    0.5351372623443603,
    0.5436497306823731,
    0.5318595027923584,
    0.5045383214950562,
    0.6126252269744873,
    0.5154543018341065,
    0.4942126607894897,
    0.9638786697387696,
    0.5833692169189453,
    0.48284746170043946,
    0.969518518447876,
    0.497401762008667,
    0.5718391704559326,
    0.6042390632629394,
    0.6461124038696289,
    0.5795437669754029,
    0.5934941911697388,
    0.6016618776321411,
    0.7048218917846679,
    0.7203962612152099,
    0.604163875579834,
    0.5306745862960816,
    0.7002601194381713,
    0.5662203884124756,
    0.5087340164184571,
    0.5229314470291138,
    0.5288396501541137,
    0.6164787149429322,
    0.5403521728515625,
    0.5600196170806885
  ],
  "val_score": [
    0.5,
    0.5,
    0.515,
    0.545,
    0.51,
    0.515,
    0.515,
    0.625,
    0.505,
    0.685,
    0.745,
    0.565,
    0.745,
    0.65,
    0.525,
    0.71,
    0.735,
    0.76,
    0.655,
    0.62,
    0.66,
    0.56,
    0.76,
    0.645,
    0.695,
    0.71,
    0.55,
    0.765,
    0.63,
    0.755,
    0.685,
    0.77,
    0.67,
    0.735,
    0.575,
    0.635,
    0.695,
    0.755,
    0.76,
    0.565,
    0.68,
    0.685,
    0.6,
    0.745,
    0.745,
    0.725,
    0.7,
    0.715,
    0.675,
    0.72,
    0.64,
    0.68,
    0.8,
    0.795,
    0.775,
    0.78,
    0.77,
    0.785,
    0.74,
    0.78,
    0.78,
    0.63,
    0.775,
    0.785,
    0.665,
    0.785,
    0.75,
    0.75,
    0.74,
    0.78,
    0.73,
    0.74,
    0.76,
    0.7,
    0.71,
    0.79,
    0.72,
    0.76,
    0.8,
    0.79,
    0.785,
    0.715,
    0.77,
    0.785
  ]
}