{
  "train_loss": [
    0.6178102540969849,
    0.5535596776008606,
    0.5198647832870483,
    0.5101289856433868,
    0.4976551389694214,
    0.4893631863594055,
    0.4777734315395355,
    0.47268032550811767,
    0.453456916809082,
    0.44659413933753966,
    0.4337933838367462,
    0.415259348154068,
    0.4015061753988266,
    0.4265404582023621,
    0.39746795415878294,
    0.4098184370994568,
    0.3881749987602234,
    0.3933018982410431,
    0.3710858154296875,
    0.3919485545158386,
    0.3616095733642578,
    0.3798057079315186,
    0.37042725026607515,
    0.36424066603183747,
    0.357705614566803,
    0.35804172456264494,
    0.36186701357364653,
    0.36630714535713194,
    0.3565780699253082,
    0.35445781230926515,
    0.33413121283054353,
    0.3378579390048981,
    0.349430992603302,
    0.34180246114730833,
    0.34280088901519773,
    0.3467393833398819
  ],
  "val_loss": [
    0.7336002850532531,
    0.7675395250320435,
    0.6133095788955688,
    0.4689502155780792,
    0.4695541560649872,
    0.49822210788726806,
    0.503061740398407,
    0.6558317804336548,
    0.4620548844337463,
    0.4641655445098877,
    0.9091370725631713,
    0.9957615232467651,
    0.5165028619766235,
    0.46275978684425356,
    0.7156381440162659,
    0.44940789222717287,
    0.4686527395248413,
    0.5446696996688842,
    0.745366268157959,
    0.7031044387817382,
    0.5514002013206482,
    2.1991100692749024,
    0.4799796199798584,
    0.5574136877059936,
    0.460280442237854,
    2.5228364992141725,
    1.9306970310211182,
    0.863130784034729,
    0.4857080674171448,
    0.7013600111007691,
    0.7875877380371094,
    0.8479694676399231,
    0.7136820888519287,
    0.636883864402771,
    0.8857238578796387,
    0.5299673509597779
  ],
  "val_score": [
    0.565,
    0.58,
    0.6,
    0.745,
    0.765,
    0.76,
    0.77,
    0.6,
    0.795,
    0.77,
    0.545,
    0.585,
    0.715,
    0.76,
    0.63,
    0.785,
    0.76,
    0.69,
    0.615,
    0.635,
    0.72,
    0.685,
    0.795,
    0.735,
    0.83,
    0.69,
    0.705,
    0.65,
    0.79,
    0.685,
    0.66,
    0.745,
    0.695,
    0.715,
    0.665,
    0.765
  ]
}