{
  "train_loss": [
    0.19545110342859107,
    0.15754419566468952,
    0.15545687849103293,
    0.1533165926020369,
    0.15018005450950678,
    0.14876128448493442,
    0.14706154907660254,
    0.14579309426873768,
    0.14537974814966595,
    0.14490403840543362,
    0.143723025705819,
    0.14324389189272943,
    0.14365906316253366,
    0.14235154759437857,
    0.14133026529191722,
    0.14202527219268773,
    0.14101161132437126,
    0.14129965722958085,
    0.14150698887324833,
    0.14186413080670515,
    0.13973246730789546,
    0.1390724704894667,
    0.13864408740566309,
    0.13923168530603505,
    0.13947151419652717,
    0.13947007311585338,
    0.13924999319838738,
    0.1380507385420546,
    0.13926625955420868,
    0.13784387177540575,
    0.13843526550989024,
    0.13751848091242477,
    0.13802445552794101,
    0.13844230271687222,
    0.13715903273718547,
    0.13764889886801643,
    0.1371976275750863,
    0.13684273729360283,
    0.13819646329518304,
    0.13690129493399633,
    0.13751831393787312,
    0.13613929133966993,
    0.1352150371883409,
    0.13525348154075048,
    0.13473918425566173,
    0.1344871108739579,
    0.13374048810770278,
    0.1342742754431393,
    0.13388487599277857,
    0.13412782830401293,
    0.13386514619314824
  ],
  "val_loss": [
    0.18528938011048687,
    0.15224543770690513,
    0.1225984298859363,
    0.10368014489310286,
    0.10770083295800464,
    0.10151302927157145,
    0.09757407555035538,
    0.09804321679907314,
    0.09558728264195045,
    0.09137199770223549,
    0.09076107264157414,
    0.08712710547194143,
    0.08605073523179417,
    0.09191908243452143,
    0.0848757638961689,
    0.08798365867720478,
    0.08547839920206093,
    0.08668725011784673,
    0.09037752488413824,
    0.0835149614552501,
    0.08463535614971976,
    0.09000982749512487,
    0.08286873905378542,
    0.08751124263972718,
    0.08514712945554281,
    0.08349395210071474,
    0.08484406269105854,
    0.09224786307303148,
    0.08738068107641471,
    0.08332676870679112,
    0.08101868580160909,
    0.08668297417747178,
    0.08676866136868085,
    0.08877523403855685,
    0.0817176052874125,
    0.0818469747267514,
    0.08482400408055867,
    0.08104968775261204,
    0.08312861336276946,
    0.08581638020215795,
    0.08190938593593756,
    0.08218634653240514,
    0.08198852090555844,
    0.08186210274339491,
    0.08375871810476086,
    0.08149780697917709,
    0.08202035618930559,
    0.08103383468504095,
    0.08810339100378568,
    0.08422630023865182,
    0.08189584044896976
  ],
  "val_score": [
    0.6413843572408388,
    0.6106395747599451,
    0.6773129776601998,
    0.696284660983735,
    0.6564765824025083,
    0.7031066284538507,
    0.7062328532235939,
    0.7080363266705859,
    0.7345005388986872,
    0.7263833774250441,
    0.7095305457573977,
    0.7174609298451892,
    0.7102868410738782,
    0.708036326670586,
    0.7624804036841073,
    0.7310681216931217,
    0.754868459729571,
    0.7608637076229668,
    0.7245676562806191,
    0.7701321526553007,
    0.7496846217911033,
    0.7550827944346463,
    0.7604625955320399,
    0.7445712081128748,
    0.7517973495982754,
    0.7418644669802077,
    0.7846824172055654,
    0.7755425729962767,
    0.7869176219870664,
    0.7697647217323144,
    0.7857112237899274,
    0.7593648956496178,
    0.749874461101313,
    0.772410224377817,
    0.755052175191064,
    0.7877565892612189,
    0.7853866598079562,
    0.7844374632569077,
    0.7695044581618655,
    0.7869298696844992,
    0.7753894767783656,
    0.7741830785812267,
    0.7876524838330393,
    0.7858520723104057,
    0.7447732951205174,
    0.7605820105820106,
    0.7707904663923182,
    0.7780717225161671,
    0.7535885753478346,
    0.7670242994317068,
    0.7794373407799334
  ]
}