{
  "train_loss": [
    0.5945662498474121,
    0.5000502276420593,
    0.46623146772384644,
    0.40603662371635435,
    0.38365413904190065,
    0.36398856282234193,
    0.3496566963195801,
    0.3298243463039398,
    0.3137841421365738,
    0.3032900667190552,
    0.3161065548658371,
    0.2919459939002991,
    0.27032754600048065,
    0.26596263349056243,
    0.2650869584083557,
    0.25342212021350863,
    0.251409198641777,
    0.22615762740373613,
    0.22965117514133454,
    0.20973573446273805,
    0.21954485476017,
    0.20912409633398055,
    0.20035765022039415,
    0.19852607816457749,
    0.18823886185884475,
    0.19222584784030913,
    0.21881648600101472,
    0.18476509809494018,
    0.17003707617521285,
    0.21088741570711136,
    0.1675647121667862,
    0.2025717756152153,
    0.18211540788412095,
    0.17992536455392838,
    0.17200616925954818,
    0.15683785766363145,
    0.15154852896928786,
    0.1667431539297104,
    0.1458595359325409,
    0.1324318131804466,
    0.1416219237446785,
    0.1261736385524273,
    0.12977683752775193,
    0.12241702228784561
  ],
  "val_loss": [
    0.6966225051879883,
    0.6015921020507813,
    0.45182174921035767,
    0.4274638032913208,
    0.41845188617706297,
    0.6103397941589356,
    0.513336067199707,
    0.49365978717803954,
    0.406024169921875,
    0.4852529239654541,
    0.4922160220146179,
    0.5455850458145142,
    0.46444327354431153,
    0.48402742147445676,
    0.4246140122413635,
    0.41617057800292967,
    0.3900682783126831,
    0.4581160640716553,
    0.3850164198875427,
    0.5630133628845215,
    0.4212452673912048,
    0.44147037982940673,
    0.46702041625976565,
    0.37859219789505005,
    0.40155789375305173,
    0.49970953941345214,
    0.4481135702133179,
    0.4658412551879883,
    0.447977180480957,
    0.42773448705673217,
    0.5581566047668457,
    0.6152444696426391,
    0.498324408531189,
    0.5109201717376709,
    0.4992862319946289,
    0.44245234727859495,
    0.5619514751434326,
    0.4754774832725525,
    0.5288962078094482,
    0.5232702445983887,
    0.5387435340881348,
    0.5626525497436523,
    0.5598965644836426,
    0.5717000007629395
  ],
  "val_score": [
    0.53,
    0.67,
    0.755,
    0.76,
    0.785,
    0.71,
    0.735,
    0.755,
    0.79,
    0.745,
    0.74,
    0.745,
    0.765,
    0.77,
    0.78,
    0.795,
    0.83,
    0.805,
    0.83,
    0.765,
    0.795,
    0.8,
    0.785,
    0.84,
    0.855,
    0.79,
    0.81,
    0.805,
    0.835,
    0.82,
    0.805,
    0.815,
    0.825,
    0.85,
    0.795,
    0.845,
    0.8,
    0.835,
    0.82,
    0.835,
    0.83,
    0.835,
    0.83,
    0.82
  ]
}