{
  "train_loss": [
    2.301089949227023,
    1.0746296837976197,
    0.9701115458834962,
    0.9867850165265215,
    0.9253718533183378,
    0.8961199825740638,
    0.9279129443474374,
    0.8013964089553456,
    0.7972369942273546,
    0.8275040512814431,
    0.7740349030736059,
    0.78269099190211,
    0.6864064966063398,
    0.7549213148209322,
    0.743453154346672,
    0.6941768591395916,
    0.6941028624873595,
    0.6979937417971136,
    0.6930551132683813,
    0.7166003141682113,
    0.6920394715093521,
    0.6984988719191406,
    0.6918544727718066,
    0.6815987709402636,
    0.6422854657248249,
    0.6560401593338115,
    0.6360655344511447,
    0.628647640800047,
    0.6332316389904515,
    0.6488997039832468,
    0.661009314894274,
    0.6185437964508048,
    0.5968722607877579,
    0.6109124075441178,
    0.6164432918931556,
    0.6491742855518285,
    0.6034511078329269,
    0.5994643979989772,
    0.6010023652836765,
    0.616743565410275
  ],
  "val_loss": [
    0.7462825775146484,
    1.9293409926550729,
    1.5148713418415614,
    1.3096027033669608,
    1.0657655341284615,
    1.6563218150820052,
    2.401013578687395,
    2.397040401186262,
    1.8503381524767195,
    1.625826256615775,
    1.5240452630179269,
    1.0029282058988298,
    1.0704188346862793,
    1.0552578823907035,
    0.8009027412959507,
    0.9924837180546352,
    0.733820949281965,
    1.0165032659258162,
    0.8797862274306161,
    0.5497495106288365,
    0.6817620311464582,
    0.7305327994482858,
    0.6809535792895726,
    0.8219522833824158,
    0.6429773313658578,
    0.5761167492185321,
    0.5852107150214059,
    0.6342208896364484,
    0.579155445098877,
    0.5739802973611015,
    0.7483878135681152,
    0.728067329951695,
    0.6259209939411708,
    0.6434434311730521,
    0.6444775377001081,
    0.6470390558242798,
    0.555434124810355,
    0.6607962846755981,
    0.62743193762643,
    0.6069263645580837
  ],
  "val_score": [
    0.625,
    0.4017857142857143,
    0.4017857142857143,
    0.375,
    0.38392857142857145,
    0.3482142857142857,
    0.39285714285714285,
    0.4017857142857143,
    0.38392857142857145,
    0.375,
    0.36607142857142855,
    0.4642857142857143,
    0.4107142857142857,
    0.42857142857142855,
    0.4732142857142857,
    0.4642857142857143,
    0.5357142857142857,
    0.375,
    0.41964285714285715,
    0.7232142857142857,
    0.5892857142857143,
    0.5446428571428571,
    0.625,
    0.5,
    0.625,
    0.7053571428571429,
    0.7321428571428571,
    0.6785714285714286,
    0.7053571428571429,
    0.7321428571428571,
    0.5714285714285714,
    0.5982142857142857,
    0.6696428571428571,
    0.6517857142857143,
    0.6696428571428571,
    0.6696428571428571,
    0.7142857142857143,
    0.625,
    0.6785714285714286,
    0.7232142857142857
  ]
}