{
  "train_loss": [
    0.1941928189452901,
    0.16338229662760848,
    0.16127775208985767,
    0.15821269956288275,
    0.15575028640479605,
    0.15469324856173147,
    0.15461552373537057,
    0.1519545602536137,
    0.15118550670925585,
    0.15151623833771335,
    0.15018693686489745,
    0.1493329113403498,
    0.14943892590359406,
    0.14931080921876821,
    0.14875130931175387,
    0.14775983107039814,
    0.14803261816463573,
    0.1475337768533281,
    0.1470118472906022,
    0.14754790395409054,
    0.14635768381945594,
    0.14662807982568157,
    0.14666933141401253,
    0.14658435311477883,
    0.14521140578817981,
    0.14432044451129694,
    0.14541519663496288,
    0.14530310290645515,
    0.14369786944069246,
    0.1456665288517567,
    0.1443475149767779,
    0.1453102810513788,
    0.14501224300848706,
    0.14480324767045125,
    0.14462192313061895,
    0.1446700835570094,
    0.14432724819825105,
    0.144570554528518,
    0.14284955022968066,
    0.1433422086648137,
    0.1441896495758814,
    0.14328074189675355,
    0.1441006767529129,
    0.14346899888037906,
    0.1434025746330853,
    0.14406616587826684,
    0.14352939701413936,
    0.143558954845513,
    0.14411174438941124,
    0.14189952945445455,
    0.14310308948582914,
    0.14405403819538884,
    0.14303758512436346,
    0.1423574342020688,
    0.14254933696191838,
    0.14285695824939357,
    0.14184861036273375,
    0.14178665470339719,
    0.14186248933698103,
    0.14134494805628306,
    0.14293939267032643
  ],
  "val_loss": [
    0.11296910941627972,
    0.10024714435038849,
    0.10569373021930739,
    0.09349767601743808,
    0.09317863413644241,
    0.09238164574713957,
    0.0916220614021572,
    0.09233172943237276,
    0.09070717708637664,
    0.09030794082927264,
    0.09007057681799283,
    0.0911134507218609,
    0.09240450465917197,
    0.08958007864619646,
    0.09226150918953933,
    0.0888042042173179,
    0.09236656976132361,
    0.08794402632633179,
    0.08886523189468307,
    0.08971390143510542,
    0.08895760457650273,
    0.08896323239295831,
    0.08967644467890089,
    0.0875286835703411,
    0.09072033036953084,
    0.0884073765198013,
    0.0893366610150854,
    0.08692419992618529,
    0.08680844825637904,
    0.09072550931873437,
    0.08805700580875006,
    0.08907404709371872,
    0.08602224003875467,
    0.08862272080952434,
    0.08678693832875334,
    0.08783376330082728,
    0.0881760195447886,
    0.08808161509140634,
    0.08641503490788381,
    0.08656351293176558,
    0.08508814662222138,
    0.0888046178112652,
    0.08711679579330975,
    0.08822509281789223,
    0.0868284183488912,
    0.09060677504332257,
    0.0898659464661118,
    0.08842156117670139,
    0.08560729788993539,
    0.0885174398772634,
    0.08819723334965003,
    0.08860542444902167,
    0.08659632322386382,
    0.08652714798269975,
    0.08647877715596847,
    0.08898690260888784,
    0.08838715009575172,
    0.0880462678442348,
    0.08760111363264561,
    0.0873264109963991,
    0.08614984026494367
  ],
  "val_score": [
    0.6369277263374485,
    0.6727277459337644,
    0.683669532627866,
    0.6706747256515774,
    0.6784504825592788,
    0.6869748799725651,
    0.711950996962571,
    0.7247437169312169,
    0.707079475308642,
    0.7114917083088379,
    0.7073320840681951,
    0.6832577038016852,
    0.6948072824808935,
    0.722995358122673,
    0.6938642097785617,
    0.7239445546737213,
    0.6915830761316871,
    0.7373710929845189,
    0.7329802934548305,
    0.7009770600627082,
    0.7152762468155988,
    0.7238067680776015,
    0.7211704512051734,
    0.7408341294336664,
    0.712410285616304,
    0.7319667964922595,
    0.7074162869880463,
    0.7389158338232412,
    0.7505986062120321,
    0.717473177542622,
    0.7273157333921223,
    0.7133426415833823,
    0.7599007324123064,
    0.7236873530276309,
    0.7539881564765823,
    0.7362060307662159,
    0.7215884038800706,
    0.7191189618851657,
    0.7447380829903978,
    0.7415337791495199,
    0.7614760924946109,
    0.719305739271017,
    0.7371200151871449,
    0.7364861968449932,
    0.7434888178522437,
    0.7253836591220851,
    0.7352736747991377,
    0.7504608196159123,
    0.7592332329022143,
    0.7433433764452283,
    0.7361356065059769,
    0.7413470017636684,
    0.7474723814422889,
    0.7543678350970018,
    0.7459934719772682,
    0.7410882691553988,
    0.7302322163433275,
    0.7379819468939839,
    0.7394348300019596,
    0.7489160787771899,
    0.7515646433470506
  ]
}