{
  "train_loss": [
    17.04629609823495,
    2.875818792156481,
    2.330405293219001,
    1.5518399055950822,
    1.751586733840582,
    1.5079527097021903,
    1.7937558719090052,
    1.2745915507841163,
    1.3493556226734638,
    1.271366914359201,
    1.0898252960935622,
    0.9706713203906476,
    0.9006468119315543,
    1.3992492234747107,
    0.8593064710179383,
    0.7990920132003029,
    1.225220458848136,
    1.1062338478251437,
    0.9121186823088622,
    0.85610390467102,
    0.738864092577429,
    0.8536601381709524,
    0.7859795981907067,
    0.7423033786034557,
    0.9330255053308871,
    0.9868463716973604,
    0.7580798699429386,
    0.918203546172186,
    0.9564350126698797,
    1.1147609524034945,
    1.1354420207885039,
    0.7117660468018899,
    0.7081011921267943,
    0.7635744933470564,
    0.6634369568964226,
    1.1155283480580933,
    0.9048675566878174,
    0.8871344262220728,
    0.8154914935608683,
    0.7833979402001449,
    0.7304283812290101,
    0.7043446321857525,
    0.6683256018684739,
    0.8280535562904667,
    0.680557403843368,
    0.6831933581788843,
    0.6691620646901555,
    0.6571736420233418,
    0.7384168353472303
  ],
  "val_loss": [
    3.0917262009211948,
    1.452288338116237,
    1.5722944055284773,
    1.0283819607325964,
    1.2516404049737113,
    1.657546077455793,
    1.5517726625714983,
    0.7532786641802106,
    1.2557542153767176,
    0.7001613889421735,
    0.7811852182660785,
    0.7158517496926444,
    0.6615185482161385,
    0.8076361332620893,
    0.9538356576647077,
    0.9630650111607143,
    0.6461856365203857,
    0.7804374865123204,
    0.7002349921635219,
    0.7641317163194928,
    0.6179468546594892,
    0.7978284358978271,
    0.6056196519306728,
    0.8619823455810547,
    0.6212470957211086,
    0.5378485492297581,
    1.1887214013508387,
    0.9664216126714434,
    0.49657364402498516,
    2.460628032684326,
    0.7049358231680733,
    0.6356491872242519,
    0.6343883616583688,
    0.6529977662222726,
    0.5721356868743896,
    1.4350868633815221,
    0.846297127859933,
    0.773185670375824,
    1.0178555250167847,
    0.536447925227029,
    0.605569737298148,
    0.7165648596627372,
    0.5139926501682827,
    0.5244104862213135,
    0.5281619855335781,
    0.8094753197261265,
    1.0757610968181066,
    0.7232875994273594,
    0.7544240696089608
  ],
  "val_score": [
    0.6428571428571429,
    0.5803571428571429,
    0.41964285714285715,
    0.41964285714285715,
    0.7142857142857143,
    0.6160714285714286,
    0.5982142857142857,
    0.5535714285714286,
    0.4107142857142857,
    0.5982142857142857,
    0.6339285714285714,
    0.5625,
    0.6696428571428571,
    0.4732142857142857,
    0.6071428571428571,
    0.5982142857142857,
    0.6339285714285714,
    0.49107142857142855,
    0.6339285714285714,
    0.5178571428571429,
    0.6607142857142857,
    0.5982142857142857,
    0.6428571428571429,
    0.625,
    0.6339285714285714,
    0.7232142857142857,
    0.4017857142857143,
    0.6160714285714286,
    0.7232142857142857,
    0.4017857142857143,
    0.625,
    0.5982142857142857,
    0.6875,
    0.5803571428571429,
    0.6964285714285714,
    0.5982142857142857,
    0.5089285714285714,
    0.6607142857142857,
    0.6160714285714286,
    0.6875,
    0.6785714285714286,
    0.6428571428571429,
    0.7410714285714286,
    0.6964285714285714,
    0.75,
    0.6160714285714286,
    0.6160714285714286,
    0.6696428571428571,
    0.5982142857142857
  ]
}