{
  "train_loss": [
    0.7977466727402669,
    0.6374116828256571,
    0.6309558872565108,
    0.6184193032664845,
    0.601080253636475,
    0.6114786521388119,
    0.6015127273056451,
    0.6002139387436471,
    0.5964151297699077,
    0.5936679774381983,
    0.5743943181965832,
    0.5870919393876272,
    0.5809568942464779,
    0.5689218633622769,
    0.5978178508638397,
    0.5813694916104036,
    0.5707932730761637,
    0.5643123669887152,
    0.575163537927634,
    0.5541250218288435,
    0.5710680424094334,
    0.562267103734247,
    0.5653732348614791,
    0.5618418475908423,
    0.5556174224353614,
    0.5599992158576528,
    0.5476263973388414,
    0.5415708993899943,
    0.5387834130175605,
    0.5322492357314103,
    0.5463568614491998,
    0.5435121857275175,
    0.5400864463152848
  ],
  "val_loss": [
    0.6684926748275757,
    0.6603728362492153,
    0.7554514152663094,
    0.6419359786169869,
    0.6411694799150739,
    0.6758653862135751,
    0.7521764295441764,
    0.6637141619409833,
    0.6331376603671482,
    0.6526032515934536,
    0.6958214640617371,
    0.7041489907673427,
    0.6113422427858625,
    0.6417877503803798,
    0.6367738757814679,
    0.657666632107326,
    0.6479786804744175,
    0.6420491763523647,
    0.639577967779977,
    0.8619727918079921,
    0.813482940196991,
    0.6630230716296605,
    0.6864025592803955,
    0.6377867630549839,
    0.6587535653795514,
    0.6816659654889788,
    0.7059248174939837,
    0.6543407099587577,
    0.6463197299412319,
    0.657346078327724,
    0.686701808656965,
    0.6576669301305499,
    0.7086851000785828
  ],
  "val_score": [
    0.625,
    0.6071428571428571,
    0.6071428571428571,
    0.6607142857142857,
    0.6696428571428571,
    0.6785714285714286,
    0.4375,
    0.6607142857142857,
    0.7321428571428571,
    0.6696428571428571,
    0.6964285714285714,
    0.6428571428571429,
    0.7053571428571429,
    0.6696428571428571,
    0.6875,
    0.6875,
    0.7410714285714286,
    0.6607142857142857,
    0.6607142857142857,
    0.6339285714285714,
    0.625,
    0.6696428571428571,
    0.6517857142857143,
    0.6875,
    0.6964285714285714,
    0.6875,
    0.6607142857142857,
    0.6964285714285714,
    0.6964285714285714,
    0.7232142857142857,
    0.7410714285714286,
    0.7410714285714286,
    0.7053571428571429
  ]
}