{
  "train_loss": [
    1.5859609509077597,
    1.2476578987087255,
    0.9893525673916691,
    1.0534930985475417,
    1.0445887498029574,
    0.9304826572051332,
    0.9700776847462821,
    0.8123341662006786,
    0.8748442285911037,
    0.82772652290267,
    0.8319789078023758,
    0.789607739287635,
    0.7953584040646076,
    0.7575769881027488,
    0.7580727582841408,
    0.709719779587972,
    0.7264248936597354,
    0.7210289977398713,
    0.7536137940779043,
    0.6823371419488244,
    0.6755478323109373,
    0.6560369471194908,
    0.6347366713565702,
    0.6545054412397678,
    0.6899781479878421,
    0.658929286040659,
    0.6821941605971286,
    0.6508161512751413,
    0.6289084266087603,
    0.6226605147425047,
    0.6223852593531356,
    0.6058770817095839,
    0.6092767201204804,
    0.5927844889654754,
    0.5972081570308844,
    0.6164093154353688,
    0.5919227588029224,
    0.6224348010040643,
    0.5808467421140123,
    0.6117880353106959,
    0.5784021113130722,
    0.5898022400246696,
    0.5906869392963576,
    0.6058283678189976,
    0.5847434881567553,
    0.5862659885725101,
    0.5966344882050033,
    0.5937781047633314,
    0.6039097909181808,
    0.5866844477079582,
    0.5692332521399444,
    0.5669260156436229,
    0.591143789287359
  ],
  "val_loss": [
    1.205751155103956,
    0.6159790669168744,
    0.7244233957358769,
    0.6712999088423592,
    0.7198768513543266,
    0.7095976216452462,
    0.6642530347619738,
    0.5697103270462581,
    0.5472135543823242,
    0.5603268998009818,
    0.5822562149592808,
    0.5216141428266253,
    0.5304014171872821,
    0.5548446433884757,
    0.5313961378165654,
    0.5171316053186145,
    0.5974189255918775,
    0.49552760805402485,
    0.5396183218274798,
    0.50877246260643,
    0.5161020117146629,
    0.5198192128113338,
    0.5301413876669747,
    0.5281698405742645,
    0.5449111333915165,
    0.5536363848618099,
    0.5274655052593776,
    0.5433489339692252,
    0.5252868107386998,
    0.4923311046191624,
    0.49213110549109323,
    0.4913178724902017,
    0.481013080903462,
    0.501657315662929,
    0.5264983177185059,
    0.5084859047617231,
    0.4951340811593192,
    0.4926401972770691,
    0.49227260266031536,
    0.49663807664598736,
    0.5052063465118408,
    0.49630090594291687,
    0.4950795556817736,
    0.5416898259094783,
    0.5390588598591941,
    0.5145418984549386,
    0.5011337229183742,
    0.508162123816354,
    0.49815663269587923,
    0.5094814130238124,
    0.501971572637558,
    0.5113257084574018,
    0.5038526654243469
  ],
  "val_score": [
    0.6071428571428571,
    0.6964285714285714,
    0.6428571428571429,
    0.625,
    0.6607142857142857,
    0.6071428571428571,
    0.6339285714285714,
    0.6428571428571429,
    0.6696428571428571,
    0.6428571428571429,
    0.6607142857142857,
    0.7053571428571429,
    0.6785714285714286,
    0.6517857142857143,
    0.6517857142857143,
    0.6964285714285714,
    0.6339285714285714,
    0.7053571428571429,
    0.6428571428571429,
    0.6964285714285714,
    0.6785714285714286,
    0.6785714285714286,
    0.6517857142857143,
    0.6875,
    0.6696428571428571,
    0.6875,
    0.6875,
    0.6875,
    0.6696428571428571,
    0.7232142857142857,
    0.7142857142857143,
    0.7053571428571429,
    0.7321428571428571,
    0.7142857142857143,
    0.7767857142857143,
    0.6785714285714286,
    0.7232142857142857,
    0.7321428571428571,
    0.7321428571428571,
    0.75,
    0.6875,
    0.6964285714285714,
    0.7232142857142857,
    0.6875,
    0.6607142857142857,
    0.6785714285714286,
    0.7142857142857143,
    0.7142857142857143,
    0.7053571428571429,
    0.7142857142857143,
    0.7142857142857143,
    0.7053571428571429,
    0.7053571428571429
  ]
}