{
  "train_loss": [
    5.3431139087677,
    2.9139795970916746,
    2.929625735282898,
    2.493533115386963,
    2.0814024209976196,
    1.9858591842651367,
    1.8819542360305785,
    1.4506578063964843,
    1.3842509269714356,
    1.355402946472168,
    1.2663751029968262,
    1.2147685599327087,
    1.0795549988746642,
    0.8984887957572937,
    0.8696728670597076,
    0.7816921865940094,
    0.7652090787887573,
    0.7917216837406158,
    0.7514039301872253,
    0.6723277878761291,
    0.8083116662502289
  ],
  "val_loss": [
    0.9694946312904358,
    5.188755359649658,
    9.074519424438476,
    9.200844688415527,
    10.168666038513184,
    18.6904012298584,
    6.0469425010681155,
    5.9640084075927735,
    3.37329008102417,
    7.189283218383789,
    2.1552223205566405,
    7.037540340423584,
    7.230723075866699,
    4.31168378829956,
    5.9012890625,
    6.405376529693603,
    4.5480665016174315,
    4.9867235374450685,
    4.178156080245972,
    3.654575843811035,
    1.7649417781829835
  ],
  "val_score": [
    0.5,
    0.5,
    0.5,
    0.5,
    0.5,
    0.5,
    0.49,
    0.48,
    0.495,
    0.5,
    0.515,
    0.5,
    0.5,
    0.5,
    0.495,
    0.5,
    0.5,
    0.505,
    0.49,
    0.49,
    0.585
  ]
}