{
  "train_loss": [
    0.7011406588554382,
    0.6740991306304932,
    0.6580960392951966,
    0.6466750907897949,
    0.6435244393348694,
    0.6318751382827759,
    0.5935819292068482,
    0.5747353768348694,
    0.5587498474121094,
    0.5516474115848541,
    0.5342426455020904,
    0.5110307168960572,
    0.5136200034618378,
    0.5043824219703674,
    0.488493869304657,
    0.4879016101360321,
    0.4851377809047699,
    0.4683060801029205,
    0.4654384207725525,
    0.45350720405578615,
    0.4414346694946289,
    0.4269305443763733,
    0.44015464663505555,
    0.4142489349842072,
    0.39731362342834475,
    0.4044290554523468,
    0.38129162073135375,
    0.38379302620887756,
    0.3802801585197449,
    0.357681188583374,
    0.3561338460445404,
    0.35475730776786807,
    0.3603712999820709,
    0.3513751780986786
  ],
  "val_loss": [
    0.698671875,
    0.704020094871521,
    0.6846892046928406,
    0.632696270942688,
    0.7198314714431763,
    0.7735576581954956,
    0.7158706974983216,
    0.5956961035728454,
    0.8532149314880371,
    0.5328923368453979,
    0.5196296954154969,
    1.7427543830871581,
    0.5646319127082825,
    0.5077899885177612,
    1.8267101669311523,
    0.7483343982696533,
    0.6054658937454224,
    0.6297377014160156,
    0.5636184930801391,
    1.312580156326294,
    0.5667106056213379,
    0.7022688388824463,
    0.7931327056884766,
    0.9711691093444824,
    0.6539464473724366,
    0.5835582637786865,
    0.7102932167053223,
    0.5668606281280517,
    2.1746138954162597,
    0.7668866205215454,
    1.2608484935760498,
    0.7505408573150635,
    0.5836067295074463,
    0.9206369304656983
  ],
  "val_score": [
    0.5,
    0.5,
    0.525,
    0.66,
    0.5,
    0.505,
    0.535,
    0.685,
    0.555,
    0.73,
    0.725,
    0.505,
    0.735,
    0.74,
    0.505,
    0.595,
    0.69,
    0.605,
    0.715,
    0.55,
    0.69,
    0.665,
    0.655,
    0.6,
    0.705,
    0.71,
    0.63,
    0.77,
    0.52,
    0.62,
    0.54,
    0.615,
    0.74,
    0.675
  ]
}