{
  "train_loss": [
    0.6762125945091247,
    0.5947190403938294,
    0.4992144072055817,
    0.43196974515914915,
    0.39108827352523806,
    0.3565026032924652,
    0.33643311977386475,
    0.33258405089378357,
    0.2870188617706299,
    0.2798770678043365,
    0.2677312397956848,
    0.250183767080307,
    0.2576008236408234,
    0.2421882039308548,
    0.23123932182788848,
    0.22666850000619887,
    0.22184984087944032,
    0.2199711322784424,
    0.22337027370929718,
    0.21236442148685455,
    0.21068584471940993,
    0.1953339421749115,
    0.17227480679750443,
    0.16959974944591522,
    0.16942601025104523,
    0.16358883202075958,
    0.1797858563065529,
    0.1733695846796036,
    0.17107427150011062,
    0.16132797539234162
  ],
  "val_loss": [
    0.6928301620483398,
    0.8034028482437133,
    0.8229175400733948,
    0.6131802821159362,
    0.6565371608734131,
    0.6097030448913574,
    0.6212951946258545,
    0.6200217866897583,
    0.6285289454460145,
    0.6089938795566558,
    0.6643221807479859,
    0.6280408143997193,
    0.6435206496715545,
    0.7460868823528289,
    0.6615786826610566,
    0.7099821615219116,
    0.7776686787605286,
    0.6590211665630341,
    0.6468680870532989,
    0.7085891842842102,
    0.8011083698272705,
    0.7144859433174133,
    0.6980726766586304,
    0.7088948702812194,
    0.7030594575405121,
    0.7086444401741028,
    0.7733698576688767,
    0.7826216661930084,
    0.711664787530899,
    0.7078841638565063
  ],
  "val_score": [
    0.5,
    0.5,
    0.515,
    0.735,
    0.705,
    0.72,
    0.74,
    0.76,
    0.755,
    0.765,
    0.73,
    0.745,
    0.735,
    0.725,
    0.765,
    0.775,
    0.715,
    0.79,
    0.74,
    0.765,
    0.75,
    0.78,
    0.77,
    0.765,
    0.765,
    0.79,
    0.78,
    0.765,
    0.765,
    0.785
  ]
}