{
  "train_loss": [
    0.20684212683350295,
    0.16475634068947684,
    0.16049101144660327,
    0.1563589071010783,
    0.15325166339160629,
    0.1514948425800186,
    0.14887318699285654,
    0.14836856145746316,
    0.14597957708028264,
    0.147191523433353,
    0.1460051625331934,
    0.14398600536950487,
    0.1447177520477253,
    0.14292098819771992,
    0.14394902695647582,
    0.14249037583978363,
    0.14223585252432883,
    0.14103290821716866,
    0.14068466981476677,
    0.14162925333875032,
    0.14119769172083244,
    0.1403470204189211,
    0.14110534191711316,
    0.14083356361781052,
    0.13960733880290002,
    0.13911402982384694,
    0.13944029267106828,
    0.13905071870182312,
    0.13952949706429113,
    0.13905840801090216,
    0.13790090976361138,
    0.1386140758251333,
    0.1383194517123896,
    0.13867158220329012,
    0.13852099931217254,
    0.13765876064952437,
    0.1385592413416101,
    0.1390912127876252,
    0.1385891304076332,
    0.1389087702285715,
    0.13701711576443878,
    0.13750761433437633,
    0.1365965229738297,
    0.1378235137501385,
    0.1383904657200079,
    0.1374393909782817,
    0.13697983520342977,
    0.1370314714637493,
    0.13662292436586165,
    0.13588676877707728,
    0.13556247445778513,
    0.13748413863317868,
    0.13644935345538575,
    0.13545295709259428,
    0.13561039288019844,
    0.1366346420220378,
    0.13507431564558034,
    0.13567445476342616,
    0.1350028153912783,
    0.13427823032527209,
    0.13440251608011847,
    0.13447862911571656,
    0.13580886971863662,
    0.13491944293186536,
    0.1356304761272335
  ],
  "val_loss": [
    0.09779432965788983,
    0.09123424329398004,
    0.09132478664926469,
    0.09040402107976908,
    0.08967007803822373,
    0.08851398095178786,
    0.09007964643438947,
    0.08804167708512889,
    0.08619033826260114,
    0.08701231675174965,
    0.08622973799567833,
    0.08513183686533549,
    0.08551274652353044,
    0.08338054363477007,
    0.0844991818086715,
    0.08619699917403982,
    0.08348764038248245,
    0.08239188575435592,
    0.08212122773951332,
    0.08443556799162283,
    0.0825121596078788,
    0.08561468788248516,
    0.08336045314373759,
    0.08185515118323117,
    0.08076949357812549,
    0.0808254636019385,
    0.08236071082778998,
    0.08216503331310451,
    0.07972152729412514,
    0.08078534493878133,
    0.08502712161111521,
    0.07964346042854376,
    0.08276702425540682,
    0.07943521118606242,
    0.07965072413597146,
    0.08294227432007631,
    0.0819365506402563,
    0.08052497518350978,
    0.08208278243998535,
    0.08324516616506267,
    0.08071264225664421,
    0.08128667019720628,
    0.08123023783162675,
    0.08103510518140553,
    0.07889042128626517,
    0.07963799372579881,
    0.0798669983369067,
    0.08030335166383559,
    0.08376676495144642,
    0.07986291904711619,
    0.08334761734489408,
    0.08178759401099411,
    0.08015982521421176,
    0.08135919016440608,
    0.08122438987965656,
    0.08190312500071227,
    0.08183788244607759,
    0.08077748152482851,
    0.08026372296692622,
    0.08267966744646434,
    0.08141862244770717,
    0.07940160141568997,
    0.08202840784940947,
    0.0810552069171448,
    0.07882310307378422
  ],
  "val_score": [
    0.6309707524985303,
    0.6835240912208503,
    0.6730247525965118,
    0.6502042303546933,
    0.6723113242210463,
    0.7126276822457378,
    0.6684073706643151,
    0.7073780129335685,
    0.7141739540466392,
    0.7350026944934352,
    0.7084190672153636,
    0.7341989393494023,
    0.7411954365079365,
    0.737095519792279,
    0.7430662722908093,
    0.7264216514795219,
    0.7498729301391338,
    0.7696254041740151,
    0.7536666544189692,
    0.7188740079365079,
    0.7424048966294337,
    0.7395481212032137,
    0.7461113560650598,
    0.7587096438369586,
    0.7671605550656477,
    0.7533543381344308,
    0.7608177787575936,
    0.7565877302567118,
    0.7749562144816775,
    0.7694738389182834,
    0.7552190500685871,
    0.7710292964922594,
    0.7550552371154222,
    0.7672309793258867,
    0.7592470115618263,
    0.7541749338624337,
    0.7564683152067411,
    0.7637189520870076,
    0.7349460488928081,
    0.7684679967666079,
    0.7648855452674896,
    0.7554425705467371,
    0.7660674480697629,
    0.761725639329806,
    0.7739396555947481,
    0.769276344797178,
    0.7650156770527141,
    0.7617164535567313,
    0.7459322334901038,
    0.7704750881834216,
    0.7402324612972759,
    0.7548608049186752,
    0.7794848006074858,
    0.7694370958259847,
    0.7757079169116206,
    0.7724883034489516,
    0.7657612556339408,
    0.7662190133254947,
    0.7702775940623162,
    0.762546235057809,
    0.7532915686850872,
    0.7693957598471488,
    0.7725617896335488,
    0.7635321747011562,
    0.7797481261022927
  ]
}