{
  "train_loss": [
    0.6687240070915866,
    0.6381744914033416,
    0.6263470203187254,
    0.6217418500087124,
    0.6204387882160792,
    0.6175155671160455,
    0.6190146924540216,
    0.6102532488959176,
    0.6134394518570101,
    0.6006525963444276,
    0.597302026032597,
    0.5992289314253928,
    0.5938170428887529,
    0.5973897950453485,
    0.5833935464729206,
    0.5941123148453651,
    0.5900340447677939,
    0.5962848963699942,
    0.5912216793163286,
    0.5913696087251498,
    0.5880882412161682,
    0.5852755073487289,
    0.5773259792204515,
    0.5979017612636425,
    0.5746150026171226,
    0.5792802884018193,
    0.5803560588772841,
    0.580598373582044,
    0.5906787229737496,
    0.5869359227884204,
    0.5782108957239157,
    0.5890459986854055,
    0.5714328437205509
  ],
  "val_loss": [
    0.6624443275587899,
    0.6173319901738848,
    0.6077610424586705,
    0.6329850469316755,
    0.6050704036440168,
    0.6156658104487828,
    0.6006238886288234,
    0.5979943956647601,
    0.6229971987860543,
    0.6059413637433734,
    0.6222098384584699,
    0.6071010317121234,
    0.584863713809422,
    0.6440601689474923,
    0.6084506681987217,
    0.6073546409606934,
    0.6007395556994847,
    0.6025095411709377,
    0.6224884135382516,
    0.6146059206553868,
    0.6108247212001255,
    0.6016585997172764,
    0.6126755816595895,
    0.5906266655240741,
    0.6007252080099923,
    0.5936278104782104,
    0.5891852038247245,
    0.5849612099783761,
    0.5874087469918388,
    0.5975192104067121,
    0.5867065020969936,
    0.5963384168488639,
    0.5940324493816921
  ],
  "val_score": [
    0.6339285714285714,
    0.6696428571428571,
    0.6964285714285714,
    0.6339285714285714,
    0.6964285714285714,
    0.6875,
    0.7142857142857143,
    0.7053571428571429,
    0.6428571428571429,
    0.6875,
    0.6607142857142857,
    0.7053571428571429,
    0.7321428571428571,
    0.7053571428571429,
    0.7321428571428571,
    0.7142857142857143,
    0.7410714285714286,
    0.7053571428571429,
    0.6964285714285714,
    0.7142857142857143,
    0.7232142857142857,
    0.7053571428571429,
    0.6517857142857143,
    0.7053571428571429,
    0.7410714285714286,
    0.7142857142857143,
    0.7321428571428571,
    0.7410714285714286,
    0.7232142857142857,
    0.7142857142857143,
    0.7321428571428571,
    0.75,
    0.7232142857142857
  ]
}