{
  "train_loss": [
    12.256446056365967,
    5.1144074440002445,
    4.1500170612335205,
    3.0471878242492676,
    3.250123438835144,
    2.442441155910492,
    2.4847932052612305,
    1.4525999569892882,
    1.59114688873291,
    1.5474192714691162,
    1.3023060178756714,
    1.2631393456459046,
    1.2424303841590882,
    1.2470529675483704,
    1.0064128136634827,
    1.1369010162353517,
    1.3329846930503846,
    0.9926661121845245,
    0.7826245713233948,
    0.8503088939189911,
    0.778945870399475,
    1.0651649177074431,
    0.8468038153648376,
    0.7384067726135254,
    0.8025018584728241,
    0.6504561525583267,
    0.5860719591379165,
    0.5678382590413094,
    0.517353435754776,
    0.6207434159517288,
    0.5394026029109955,
    0.5877578401565552,
    0.4402094829082489
  ],
  "val_loss": [
    19.114484634399414,
    30.681786193847657,
    19.653815231323243,
    9.696161193847656,
    3.1265333557128905,
    12.147183723449707,
    6.351332969665528,
    5.04052993774414,
    2.6871459770202635,
    11.544184684753418,
    9.106431312561035,
    4.907976741790772,
    1.9714138412475586,
    4.626137580871582,
    5.356078834533691,
    6.682024841308594,
    5.3629178619384765,
    6.683185424804687,
    4.26526782989502,
    3.4111620712280275,
    4.292781200408935,
    6.136962966918945,
    3.676777458190918,
    3.557733516693115,
    2.6043342399597167,
    3.2987182998657225,
    3.478041019439697,
    2.7260555458068847,
    3.1076283645629883,
    4.955488662719727,
    2.701118631362915,
    3.9961026763916014,
    3.627407455444336
  ],
  "val_score": [
    0.5,
    0.5,
    0.5,
    0.505,
    0.565,
    0.525,
    0.55,
    0.615,
    0.71,
    0.505,
    0.53,
    0.685,
    0.75,
    0.595,
    0.62,
    0.565,
    0.62,
    0.595,
    0.62,
    0.67,
    0.625,
    0.59,
    0.66,
    0.64,
    0.695,
    0.645,
    0.65,
    0.645,
    0.645,
    0.625,
    0.67,
    0.64,
    0.66
  ]
}