{
  "train_loss": [
    0.6797697806358337,
    0.6085615992546082,
    0.5209787607192993,
    0.46345948815345767,
    0.40200451493263245,
    0.3853114366531372,
    0.36110419034957886,
    0.3398250257968903,
    0.32062513709068297,
    0.3089313954114914,
    0.29985844194889066,
    0.28845284223556517,
    0.2708764147758484,
    0.2690738368034363,
    0.2790268975496292,
    0.250472394824028,
    0.23655464947223664,
    0.23907435536384583,
    0.23627886235713957,
    0.22970454007387162,
    0.2159491664171219,
    0.21070679932832717,
    0.1923798778653145,
    0.19275664269924164,
    0.18280786961317064,
    0.1784857353568077,
    0.19094527274370193,
    0.18969171822071076
  ],
  "val_loss": [
    0.7081887888908386,
    0.9203190732002259,
    1.0278206396102905,
    0.7085726952552795,
    0.6541360783576965,
    0.6784496974945068,
    0.6708570122718811,
    0.6095918798446656,
    0.638932580947876,
    0.7530601024627686,
    0.6953533554077148,
    0.8288589859008789,
    0.7498134517669678,
    0.7715943908691406,
    0.6898771381378174,
    0.7139805555343628,
    0.6983031463623047,
    0.7458860301971435,
    0.6807962417602539,
    0.7369635009765625,
    0.705950517654419,
    0.7893089485168457,
    0.7294290161132813,
    0.7002681589126587,
    0.725219087600708,
    0.7564123868942261,
    0.7307014274597168,
    0.7937752342224121
  ],
  "val_score": [
    0.5,
    0.5,
    0.5,
    0.63,
    0.73,
    0.7,
    0.725,
    0.75,
    0.74,
    0.69,
    0.73,
    0.69,
    0.74,
    0.745,
    0.725,
    0.725,
    0.77,
    0.74,
    0.775,
    0.765,
    0.77,
    0.725,
    0.76,
    0.775,
    0.765,
    0.755,
    0.745,
    0.74
  ]
}