{
  "train_loss": [
    10.170625953674316,
    4.812917079925537,
    3.4286983680725096,
    3.007924518585205,
    2.894863319396973,
    2.3467717361450195,
    2.3639145517349243,
    1.9383111834526061,
    2.1348507976531983,
    1.5829233646392822,
    1.490929217338562,
    1.3325776076316833,
    1.3640547680854798,
    1.1925091314315797,
    1.1563336205482484,
    1.0046127462387084,
    0.9234148347377777,
    0.847846497297287,
    0.7952524280548096,
    0.8147933340072632,
    0.7473872244358063,
    0.7208967733383179,
    0.8131338798999787
  ],
  "val_loss": [
    8.193643112182617,
    5.539682598114013,
    1.6709933662414551,
    6.498044815063476,
    4.502181987762452,
    3.894185495376587,
    10.455252494812012,
    11.111857452392577,
    3.247043786048889,
    2.7818579411506654,
    4.760631222724914,
    1.6943891727924347,
    1.9831712245941162,
    3.024208105802536,
    2.208118034899235,
    2.2251637411117553,
    2.391947660446167,
    1.7920405387878418,
    1.811290545463562,
    2.561074053943157,
    2.1592147955298424,
    1.9958019149303436,
    4.746068127155304
  ],
  "val_score": [
    0.5,
    0.5,
    0.54,
    0.52,
    0.585,
    0.595,
    0.57,
    0.515,
    0.665,
    0.71,
    0.645,
    0.74,
    0.735,
    0.63,
    0.755,
    0.725,
    0.69,
    0.755,
    0.7,
    0.74,
    0.76,
    0.77,
    0.685
  ]
}