{
  "train_loss": [
    1.8447256096302458,
    1.0475525200970395,
    1.0263810509101343,
    1.0107576900713893,
    0.9164626322125154,
    0.9705794195490559,
    0.854567311746063,
    0.8232685070740493,
    0.8181157694088192,
    0.8042137323133857,
    0.8171152837901335,
    0.7443238847435393,
    0.7565327044681167,
    0.6685691011233592,
    0.7418671522553512,
    0.7316229762457085,
    0.7363810071929099,
    0.6660923895471141,
    0.7044983688570114,
    0.662104581619945,
    0.6670481421145599,
    0.6392676222176868,
    0.6696227079569556,
    0.6062275304032659,
    0.7000911865379196,
    0.6379409249373308,
    0.6331539984092669,
    0.6388720827778493,
    0.6138968080181642,
    0.6480108503549789,
    0.611054800090425,
    0.6077834694270208,
    0.6184092697732494,
    0.6079879238849549,
    0.5952050467309855,
    0.5850823719402266,
    0.5847665754694772,
    0.5843886906035973,
    0.5862714767590148,
    0.5789225832952021,
    0.5963487130316357,
    0.5832114068810127,
    0.6009434627199334,
    0.571601616384208,
    0.5943085643116078,
    0.579149794457868,
    0.5581915792249588,
    0.5682646805175378,
    0.5692495997362383,
    0.5628310536506876,
    0.5674662201155157,
    0.5635181740512998,
    0.577518606145685,
    0.5693054631000428,
    0.5511911408169063
  ],
  "val_loss": [
    0.8227663891656058,
    1.5500425270625524,
    0.7812996762139457,
    1.4587798799787248,
    0.9133203029632568,
    0.8569045066833496,
    0.6988774538040161,
    0.8772249051502773,
    1.2193099771227156,
    0.576716457094465,
    0.6246804935591561,
    0.8227620209966388,
    0.6733500616891044,
    0.5841081525598254,
    0.6182422637939453,
    0.5614322168486459,
    0.6673147848674229,
    0.5510804312569755,
    0.5209286936691829,
    0.5419953124863761,
    0.5495948834078652,
    0.5790683371680123,
    0.5884973151343209,
    0.5522820821830204,
    0.5179429480007717,
    0.5347500613757542,
    0.508772245475224,
    0.516105694430215,
    0.5533069116728646,
    0.5338958884988513,
    0.5282395056315831,
    0.5501778508935656,
    0.5263884833880833,
    0.533688315323421,
    0.5013636861528669,
    0.5465535776955741,
    0.5378600869859967,
    0.5260813960007259,
    0.5131115955965859,
    0.5340412557125092,
    0.5523383021354675,
    0.6763852068356105,
    0.5345977204186576,
    0.5377868456499917,
    0.5578290820121765,
    0.5236295291355678,
    0.5131734311580658,
    0.5153472593852452,
    0.5193206667900085,
    0.5234838596412114,
    0.5193050163132804,
    0.5270576647349766,
    0.5149960517883301,
    0.5157161269869123,
    0.5176056708608355
  ],
  "val_score": [
    0.5625,
    0.35714285714285715,
    0.5089285714285714,
    0.4017857142857143,
    0.41964285714285715,
    0.41964285714285715,
    0.6607142857142857,
    0.5267857142857143,
    0.45535714285714285,
    0.6785714285714286,
    0.6785714285714286,
    0.5,
    0.5803571428571429,
    0.6607142857142857,
    0.6785714285714286,
    0.6875,
    0.5625,
    0.7321428571428571,
    0.7053571428571429,
    0.6785714285714286,
    0.6696428571428571,
    0.6428571428571429,
    0.6607142857142857,
    0.6607142857142857,
    0.6964285714285714,
    0.6964285714285714,
    0.7053571428571429,
    0.7142857142857143,
    0.6875,
    0.6964285714285714,
    0.6785714285714286,
    0.6607142857142857,
    0.6964285714285714,
    0.7053571428571429,
    0.7232142857142857,
    0.7053571428571429,
    0.7053571428571429,
    0.6964285714285714,
    0.7232142857142857,
    0.7142857142857143,
    0.7142857142857143,
    0.6071428571428571,
    0.7232142857142857,
    0.7321428571428571,
    0.7053571428571429,
    0.75,
    0.7410714285714286,
    0.7321428571428571,
    0.7410714285714286,
    0.7232142857142857,
    0.7589285714285714,
    0.75,
    0.7589285714285714,
    0.7678571428571429,
    0.75
  ]
}