{
  "train_loss": [
    11.350330381393432,
    7.1304839324951175,
    7.022506670951843,
    5.647164671421051,
    3.6251052474975585,
    3.473067784309387,
    2.607865597009659,
    1.9482232856750488,
    2.202271708250046,
    1.6896352005004882,
    1.5777252721786499,
    1.0629799264669417,
    1.474158923625946,
    1.001796532869339,
    1.0388327050209045,
    0.895246559381485,
    1.1843846762180328,
    1.008496999144554,
    0.7908044600486756,
    0.6348596638441086,
    0.7993484103679657,
    0.9533781456947327,
    0.7425371861457825,
    0.6277349650859833,
    0.6157172799110413,
    0.47217066168785093,
    0.8023568415641784,
    0.8872769910097122,
    0.5564559692144394,
    0.9028074395656586,
    0.4998229014873505,
    0.6668489301204681,
    0.4653477382659912,
    0.4130242270231247,
    0.6228870952129364,
    0.5523467800021171,
    0.3635097748041153,
    0.45473040342330934,
    0.4056970900297165,
    0.4154639267921448,
    0.5314193865656853,
    0.47494822680950166,
    0.36131186425685885,
    0.3173312348127365
  ],
  "val_loss": [
    1.655804500579834,
    2.4186096501350405,
    1.0961420726776123,
    1.1594979429244996,
    1.9619169425964356,
    1.277485089302063,
    4.050351448059082,
    1.4266895389556884,
    1.2488033008575439,
    1.2613635730743409,
    1.1051018714904786,
    0.9643581104278565,
    2.139864988327026,
    1.9983170223236084,
    0.8089338016510009,
    2.0399958944320677,
    1.0538317108154296,
    1.9017383813858033,
    0.8391548442840576,
    1.3157990598678588,
    2.171424231529236,
    1.9161671447753905,
    1.2497825860977172,
    0.7919490861892701,
    1.2581929969787597,
    1.271468029022217,
    3.307352876663208,
    1.6771154022216797,
    0.9214373254776,
    1.0175199699401856,
    1.0933556270599365,
    1.4331834888458252,
    1.1375782155990601,
    0.851115608215332,
    1.2643822574615478,
    1.0142488479614258,
    0.9554357576370239,
    1.2264772129058839,
    0.8844622230529785,
    0.9381471252441407,
    1.1180512046813964,
    1.3467368364334107,
    1.357919273376465,
    1.030180253982544
  ],
  "val_score": [
    0.495,
    0.445,
    0.55,
    0.58,
    0.505,
    0.68,
    0.62,
    0.625,
    0.71,
    0.705,
    0.67,
    0.725,
    0.53,
    0.57,
    0.72,
    0.525,
    0.78,
    0.595,
    0.8,
    0.685,
    0.54,
    0.595,
    0.65,
    0.815,
    0.665,
    0.66,
    0.525,
    0.75,
    0.805,
    0.79,
    0.805,
    0.68,
    0.68,
    0.81,
    0.75,
    0.78,
    0.795,
    0.725,
    0.79,
    0.79,
    0.785,
    0.71,
    0.72,
    0.77
  ]
}