{
  "train_loss": [
    0.7014045273493326,
    0.6889798029737612,
    0.6835277551204737,
    0.6723839153186811,
    0.6728178230528086,
    0.6675588674298556,
    0.6510196088805912,
    0.653470584726709,
    0.64513775253725,
    0.650752613930654,
    0.6455268293317445,
    0.6404813695678024,
    0.644282276303213,
    0.6265532131672442,
    0.6437075204468418,
    0.6401678487340028,
    0.6422947951591458,
    0.6293854655779655,
    0.6366373453419174,
    0.6307536716268086,
    0.6308757226298175,
    0.6217454117382337,
    0.6298174057553938,
    0.6275878546610726,
    0.6248869285138305,
    0.625491803824164,
    0.6287268605355605,
    0.6178411433077234,
    0.6166370602238701,
    0.6246808218205069,
    0.6110562041183961,
    0.6036343453839605
  ],
  "val_loss": [
    0.6906013233321053,
    0.685675425188882,
    0.6860304049083165,
    0.6888742446899414,
    0.6991418600082397,
    0.7134447182927813,
    0.7008797441210065,
    0.6892070429665702,
    0.7033276643071856,
    0.6854404381343296,
    0.6757067356790815,
    0.6723433818135943,
    0.6949184536933899,
    0.6922257712909153,
    0.6830046262059893,
    0.6951432568686349,
    0.6792334829057965,
    0.6896014979907444,
    0.6785122326442173,
    0.6800405638558524,
    0.6949650645256042,
    0.7017906563622611,
    0.7104059713227409,
    0.7075882298605782,
    0.6939688069479806,
    0.6877639974866595,
    0.6951066170419965,
    0.7269679818834577,
    0.7132213200841632,
    0.7045853308268956,
    0.7094975199018206,
    0.7095443180629185
  ],
  "val_score": [
    0.6071428571428571,
    0.5982142857142857,
    0.5982142857142857,
    0.5982142857142857,
    0.5714285714285714,
    0.42857142857142855,
    0.48214285714285715,
    0.6339285714285714,
    0.5892857142857143,
    0.6339285714285714,
    0.5982142857142857,
    0.6339285714285714,
    0.625,
    0.5803571428571429,
    0.5982142857142857,
    0.5,
    0.6428571428571429,
    0.5982142857142857,
    0.625,
    0.6428571428571429,
    0.5625,
    0.5267857142857143,
    0.5267857142857143,
    0.5625,
    0.5803571428571429,
    0.5892857142857143,
    0.5892857142857143,
    0.5714285714285714,
    0.6160714285714286,
    0.625,
    0.625,
    0.625
  ]
}