{
  "train_loss": [
    0.27609081582230877,
    0.196626083353965,
    0.17682044813974168,
    0.16758607340845988,
    0.16005489106692933,
    0.15532160903891068,
    0.15182678322907445,
    0.14741193551444154,
    0.14630914559104186,
    0.1430259392926584,
    0.139868744756474,
    0.13983451284227905,
    0.13795644566802845,
    0.136225032178121,
    0.13496420661085495,
    0.13527836805889842,
    0.13224419352608197,
    0.13225093522614623,
    0.13205982269105268,
    0.13108004280453048,
    0.1305601930010301,
    0.1300707817320396,
    0.13013897234620553,
    0.12895651338441094,
    0.12869932929261732,
    0.12746283206262715,
    0.12710158680818576,
    0.1250253627537297,
    0.12600524893783996,
    0.1271018912474327,
    0.1267376869508392,
    0.12552918502573776,
    0.12532861534041737,
    0.12572825624940986,
    0.12279043382508184,
    0.12212831023065432,
    0.12208753120050993,
    0.12219642763127708,
    0.12157648665568542,
    0.1209625842408705,
    0.11984457353953767,
    0.12081152167093,
    0.1205771437338215
  ],
  "val_loss": [
    0.1830741693010998,
    0.303220821222539,
    0.2152813517885025,
    0.16844628463616315,
    0.17627040331754376,
    0.1608220208477009,
    0.11998217934214979,
    0.1296092677882284,
    0.10212178946577544,
    0.12858580736864114,
    0.09052135188874322,
    0.10988839838446389,
    0.09663258478907724,
    0.08980235029279157,
    0.10014992397493207,
    0.08657092408003336,
    0.10172333098438978,
    0.0929923971144425,
    0.08421009122499318,
    0.08488914011910816,
    0.09126385406960312,
    0.08926938074748939,
    0.0809832203253803,
    0.09306837930558025,
    0.08333870607144984,
    0.09542071879989701,
    0.0905386857301678,
    0.08106490037203154,
    0.08674657721966396,
    0.09128689916553998,
    0.08157462642455432,
    0.09353626017709399,
    0.08543241125142707,
    0.08352133388833251,
    0.08610112598238781,
    0.08894560999403883,
    0.08384831885902545,
    0.08561400015793837,
    0.08181312499550204,
    0.08459817073739288,
    0.08858812878842615,
    0.08375987755992886,
    0.08584089665461958
  ],
  "val_score": [
    0.6511794532627866,
    0.7502204585537918,
    0.7419838820301783,
    0.6687487752302568,
    0.7431765015677053,
    0.7723719503233392,
    0.7204952968841858,
    0.7596419998040369,
    0.7559860621203214,
    0.7690421075837743,
    0.7209392759161278,
    0.7768408289241622,
    0.7665068342151675,
    0.7638919508132471,
    0.7922606799921614,
    0.7914860131295315,
    0.7718039633548893,
    0.7830014207329022,
    0.7853560405643739,
    0.7770612874779541,
    0.7737237899274937,
    0.8009749167156575,
    0.7751322751322751,
    0.789103835978836,
    0.7738447359396433,
    0.78963048696845,
    0.788828262786596,
    0.8005983000195963,
    0.7746913580246912,
    0.8023037918871252,
    0.799027532823829,
    0.7922805825004898,
    0.8074049578679208,
    0.7987305261610818,
    0.802784514011366,
    0.8038868067803253,
    0.7992786106212032,
    0.8022149960807369,
    0.8074172055653537,
    0.7968382569077013,
    0.7970342200666275,
    0.7998113854595337,
    0.8081214481677446
  ]
}