{
  "train_loss": [
    0.7089971456806625,
    0.6946596713114375,
    0.6970166137569801,
    0.692049405907351,
    0.6880318667274492,
    0.67395717455378,
    0.6759445140278648,
    0.6879835976926763,
    0.677043436952061,
    0.6709044021213819,
    0.6695799674708878,
    0.6774078759085073,
    0.6589651819825575,
    0.6650628463623897,
    0.6582192767859846,
    0.656168918507708,
    0.6527594486827657,
    0.6521789235795175,
    0.6563628087295859,
    0.6483984529234561,
    0.6531500814333809,
    0.6483341256330466,
    0.6504414803668002,
    0.6452400834541622,
    0.6352478736431177,
    0.6512974118489114,
    0.6340632090016076,
    0.6347722177162214,
    0.6410980929271711,
    0.6253513812482424,
    0.6348503496837294,
    0.6374250183759846,
    0.6219955792711341,
    0.6250054982435315,
    0.6328544439695549,
    0.6192355639352574,
    0.6162587917159459,
    0.6078471049951354,
    0.6211104174432658,
    0.6216342357334056,
    0.6167124485004069,
    0.618293919700069,
    0.6108705447682916,
    0.6135403633922238,
    0.6100428377281292,
    0.5944237431471474,
    0.6089214943391266,
    0.61151472763216,
    0.6051525336819102,
    0.6031587592528292,
    0.5875462213168664,
    0.5971757839983842,
    0.5922945972502701,
    0.5976678578201912,
    0.5976239818958116,
    0.6088967185857191,
    0.5983905298101084,
    0.5931620400051164,
    0.5886642707614448,
    0.5827853604564517,
    0.5819701489367018,
    0.5934739041784348,
    0.5848199732526215,
    0.5885624399469459,
    0.5723130045913336,
    0.5884420606229115,
    0.5787161107272479,
    0.5953772778049765,
    0.5785743326652707,
    0.581271181157523,
    0.5900983784276536,
    0.5660907734767927,
    0.5686571321819979,
    0.5841424940541571
  ],
  "val_loss": [
    0.6947171006883893,
    0.6938441140311105,
    0.6903806413922992,
    0.6801920703479222,
    0.6821231842041016,
    0.7042115926742554,
    0.6890708122934613,
    0.6917814016342163,
    0.6996904952185494,
    0.6957506878035409,
    0.7049256222588676,
    0.6841860243252346,
    0.6688370108604431,
    0.6591827699116298,
    0.665299790246146,
    0.669235748904092,
    0.6871093085833958,
    0.6782454167093549,
    0.6641085403306144,
    0.6677487066813877,
    0.6584477765219552,
    0.6486255185944694,
    0.6337088516780308,
    0.6301488535744804,
    0.6376502513885498,
    0.6419843179838998,
    0.6308620742389134,
    0.6350706986018589,
    0.6251440218516758,
    0.6273993168558393,
    0.6401271564619881,
    0.6161191804068429,
    0.6308757407324654,
    0.6150953429085868,
    0.621041979108538,
    0.6229140332766941,
    0.6175531148910522,
    0.6100730129650661,
    0.6162284782954625,
    0.6082559994288853,
    0.6066498926707676,
    0.6084824885640826,
    0.6099157844270978,
    0.6224666663578579,
    0.6036862986428397,
    0.6120839544704982,
    0.6192922932761056,
    0.619630753993988,
    0.6138385108539036,
    0.6298807348523822,
    0.6126680970191956,
    0.6073810202734811,
    0.5784929479871478,
    0.5633546454565865,
    0.5718841893332345,
    0.591500094958714,
    0.5905333927699498,
    0.5724994625364032,
    0.5691797818456378,
    0.5703604902539935,
    0.5725334201540265,
    0.6213499818529401,
    0.6518324017524719,
    0.625250518321991,
    0.5925300972802299,
    0.5713366440364293,
    0.5897560375077384,
    0.6080593381609235,
    0.5796950885227748,
    0.5723849194390433,
    0.5912222862243652,
    0.584479170186179,
    0.5825254491397313,
    0.5682965091296605
  ],
  "val_score": [
    0.39285714285714285,
    0.4017857142857143,
    0.35714285714285715,
    0.6607142857142857,
    0.5892857142857143,
    0.4017857142857143,
    0.45535714285714285,
    0.5535714285714286,
    0.36607142857142855,
    0.4642857142857143,
    0.4375,
    0.5803571428571429,
    0.6785714285714286,
    0.6696428571428571,
    0.6517857142857143,
    0.6428571428571429,
    0.4732142857142857,
    0.5803571428571429,
    0.6517857142857143,
    0.6517857142857143,
    0.6875,
    0.6339285714285714,
    0.7142857142857143,
    0.6696428571428571,
    0.6785714285714286,
    0.6964285714285714,
    0.6964285714285714,
    0.7053571428571429,
    0.6875,
    0.7053571428571429,
    0.6785714285714286,
    0.7053571428571429,
    0.6607142857142857,
    0.6964285714285714,
    0.7053571428571429,
    0.6785714285714286,
    0.6964285714285714,
    0.6964285714285714,
    0.7053571428571429,
    0.6875,
    0.7053571428571429,
    0.6428571428571429,
    0.7142857142857143,
    0.6875,
    0.7142857142857143,
    0.7410714285714286,
    0.7232142857142857,
    0.7053571428571429,
    0.6875,
    0.7142857142857143,
    0.6964285714285714,
    0.7410714285714286,
    0.7321428571428571,
    0.75,
    0.7142857142857143,
    0.7053571428571429,
    0.7142857142857143,
    0.7321428571428571,
    0.75,
    0.7232142857142857,
    0.7053571428571429,
    0.6696428571428571,
    0.6696428571428571,
    0.6785714285714286,
    0.6964285714285714,
    0.6875,
    0.6964285714285714,
    0.7321428571428571,
    0.6964285714285714,
    0.6964285714285714,
    0.7053571428571429,
    0.7142857142857143,
    0.7053571428571429,
    0.7053571428571429
  ]
}