{
  "train_loss": [
    2.0745099878150244,
    1.2588277018646823,
    1.2093776720581226,
    1.1492832701975906,
    1.0237600903275041,
    1.055962159877687,
    0.9308287416185651,
    0.947877715623553,
    0.8874637481198134,
    0.8657880532057669,
    0.9394768184161963,
    0.8411788233085478,
    0.8444563305954563,
    0.784727589083737,
    0.7841191187886473,
    0.7797862544773132,
    0.7060569139245658,
    0.8069826921006021,
    0.8155414788607671,
    0.7057534407979323,
    0.7395805861335771,
    0.7539107045253028,
    0.7304918692270199,
    0.7021674698866124,
    0.738421659904068,
    0.6950182661296814,
    0.6706183680801477,
    0.661980086156032,
    0.7456538653078713,
    0.652804837921473,
    0.6567687262834392,
    0.671248604194654,
    0.6627724044636747,
    0.6518749098541766,
    0.6617177612870027,
    0.6748366126595788,
    0.6481840642016168,
    0.6559779562885769,
    0.6437741425495984,
    0.6335685992670006,
    0.64015448354897,
    0.6285515084309573,
    0.608544078063643
  ],
  "val_loss": [
    0.7236907822745187,
    0.7348419768469674,
    0.8066340940339225,
    0.9149478333336967,
    0.9707143987928119,
    0.7957119941711426,
    1.006085821560451,
    0.6072985529899597,
    0.846923828125,
    0.6856262683868408,
    1.0574837497302465,
    0.7344431366239276,
    0.9149336644581386,
    0.9491684181349618,
    0.75884496314185,
    0.6968940070697239,
    0.6890960165432521,
    0.885472331728254,
    0.8088048696517944,
    0.7307106597082955,
    0.7067488346781049,
    0.6255434155464172,
    0.5566431454249791,
    0.6105444771902901,
    0.5671061788286481,
    0.6098383665084839,
    0.6615352800914219,
    0.6297750473022461,
    0.6825498768261501,
    0.6801339302744184,
    0.7711328097752163,
    0.6412871650287083,
    0.5585296835218158,
    0.6196330274854388,
    0.6194133928843907,
    0.5853470819337028,
    0.6424984931945801,
    0.6254775268690926,
    0.6783032417297363,
    0.662372384752546,
    0.6637756483895438,
    0.7067704030445644,
    0.6485096131052289
  ],
  "val_score": [
    0.7053571428571429,
    0.6517857142857143,
    0.42857142857142855,
    0.5982142857142857,
    0.5982142857142857,
    0.6160714285714286,
    0.6160714285714286,
    0.6517857142857143,
    0.6071428571428571,
    0.6339285714285714,
    0.5982142857142857,
    0.5982142857142857,
    0.5982142857142857,
    0.5982142857142857,
    0.6160714285714286,
    0.5535714285714286,
    0.6428571428571429,
    0.44642857142857145,
    0.6160714285714286,
    0.6160714285714286,
    0.625,
    0.6339285714285714,
    0.6785714285714286,
    0.625,
    0.6964285714285714,
    0.6517857142857143,
    0.625,
    0.6071428571428571,
    0.6071428571428571,
    0.6071428571428571,
    0.6160714285714286,
    0.6071428571428571,
    0.6785714285714286,
    0.625,
    0.6160714285714286,
    0.6428571428571429,
    0.5982142857142857,
    0.6428571428571429,
    0.6160714285714286,
    0.6160714285714286,
    0.625,
    0.6160714285714286,
    0.6071428571428571
  ]
}