{
  "train_loss": [
    0.6631711388197471,
    0.6448722033854679,
    0.6316922069668636,
    0.6121773292028729,
    0.625494852578278,
    0.599577990237988,
    0.6102924206125455,
    0.5958409312404315,
    0.5864191257108854,
    0.5906297415662536,
    0.5977041265425451,
    0.6037348515539523,
    0.5910692364480283,
    0.5859049866384543,
    0.57052923127154,
    0.5922770850167633,
    0.587734720637211,
    0.5708978887148729,
    0.5609861907996531,
    0.5695811763523132,
    0.555375313463844,
    0.5539192262328784,
    0.5640055881174129,
    0.562280200664855,
    0.5631287296389568,
    0.5408671668932864,
    0.5474444411200533,
    0.545417464892427,
    0.5532429853896322,
    0.5380771141352616,
    0.542367590224649,
    0.5408803128686611,
    0.5336356390984174,
    0.531192503844391,
    0.5424831741572231,
    0.5462635263415102,
    0.5358361681615273,
    0.5299592515615028,
    0.5369387963625389
  ],
  "val_loss": [
    0.6603303125926426,
    0.6752642052514213,
    0.8928515911102295,
    0.7329684155327933,
    0.647019624710083,
    0.628309828894479,
    0.6181108185223171,
    0.6736940486090524,
    0.6643533536366054,
    0.8034247074808393,
    0.6540616410119193,
    0.6914631979806083,
    0.6604164072445461,
    0.6668170520237514,
    0.6595446041652134,
    0.7049183334623065,
    0.7627541678292411,
    0.7309708680425372,
    0.6125818490982056,
    0.6834927797317505,
    0.6523784399032593,
    0.6656090106282916,
    0.6774927973747253,
    0.6555237174034119,
    0.6290154031344822,
    0.6555304612432208,
    0.641166729586465,
    0.6430061374391828,
    0.7038581371307373,
    0.6848845481872559,
    0.6847595913069588,
    0.671538736139025,
    0.6512417452675956,
    0.6789105108806065,
    0.710527343409402,
    0.6635140606335231,
    0.6439635072435651,
    0.6648816040584019,
    0.65660674231393
  ],
  "val_score": [
    0.625,
    0.6339285714285714,
    0.6428571428571429,
    0.6875,
    0.6785714285714286,
    0.6875,
    0.6517857142857143,
    0.6696428571428571,
    0.6428571428571429,
    0.6517857142857143,
    0.6607142857142857,
    0.6785714285714286,
    0.6607142857142857,
    0.6428571428571429,
    0.5982142857142857,
    0.6339285714285714,
    0.45535714285714285,
    0.6517857142857143,
    0.7053571428571429,
    0.625,
    0.6517857142857143,
    0.6696428571428571,
    0.6517857142857143,
    0.6875,
    0.7410714285714286,
    0.7321428571428571,
    0.6696428571428571,
    0.6785714285714286,
    0.6071428571428571,
    0.6339285714285714,
    0.625,
    0.6607142857142857,
    0.6696428571428571,
    0.625,
    0.6517857142857143,
    0.6517857142857143,
    0.6517857142857143,
    0.6785714285714286,
    0.6964285714285714
  ]
}