{
  "train_loss": [
    0.3647681364542713,
    0.19631662388335558,
    0.17601953321380964,
    0.16721176734103407,
    0.15990646680173481,
    0.15541547293581193,
    0.15071683654502252,
    0.14775058331560145,
    0.14408274542727476,
    0.14259597595081003,
    0.13984433212800865,
    0.13791815190397713,
    0.1371340846866419,
    0.13577579033454137,
    0.13486518205088116,
    0.13314259466960152,
    0.13354229815817198,
    0.13089686200075462,
    0.13059346960154766,
    0.13029072313026815,
    0.12961357990427838,
    0.12829445193312689,
    0.12857886249662778,
    0.1288772924980653,
    0.12807212837961188,
    0.1278854908289669,
    0.12609681662200725,
    0.12626773816628242,
    0.12549730602101888,
    0.12548565874351486,
    0.12506232007195284,
    0.12439061017727768,
    0.12520542439093818,
    0.12292259428104951,
    0.12432606510269079,
    0.12386109212195524,
    0.12327004915665433,
    0.12342438755871091,
    0.12216921389769392,
    0.12289181745800136,
    0.12246034182390732,
    0.12291225025289411,
    0.12160505314327659,
    0.12218015584428348,
    0.12157179088452091,
    0.12147483248206417,
    0.12075913172514256,
    0.12060962430668562,
    0.12007407474164462,
    0.12027431651915914,
    0.12086754656699944,
    0.12020098572841309,
    0.12016102201407376,
    0.11920476897514731,
    0.119969803773684,
    0.12050654188432346,
    0.11819446419681127,
    0.11832314871315217,
    0.11999418619475641,
    0.11845089217050579,
    0.1172384882889796,
    0.11725935106136014,
    0.11671026451767083,
    0.11667240819289738,
    0.11523691408437162,
    0.11574143524420978,
    0.1159387940872043,
    0.1157150162212771,
    0.11676464774388698
  ],
  "val_loss": [
    0.13025086071661954,
    0.14934599461337814,
    0.11093659572522484,
    0.13113114050841523,
    0.11855967745362422,
    0.13078487792079274,
    0.10111939075065303,
    0.10980991290149943,
    0.1107500469298033,
    0.09796291125275751,
    0.09241502759572859,
    0.10055820475072719,
    0.09852882287807631,
    0.08885290006747609,
    0.08885756252868358,
    0.0855467377734114,
    0.0826866111973762,
    0.08926187580555076,
    0.0852917392497917,
    0.08079339943078061,
    0.08331152148238649,
    0.09039061703874758,
    0.08631197167771042,
    0.08030551487913705,
    0.08544193823053553,
    0.0818863690045268,
    0.08132972005426833,
    0.08089426860558364,
    0.0852967201001397,
    0.08298605815012713,
    0.08148462155826142,
    0.08028833979571819,
    0.08239958517356653,
    0.07918776809008067,
    0.08003842836409379,
    0.07798128176562953,
    0.08362408166032564,
    0.0831799730577015,
    0.0764676580276207,
    0.08536848441217391,
    0.07814548770792251,
    0.07715428495743858,
    0.07782861866498918,
    0.08683384673381457,
    0.07806324816714005,
    0.07509472513303737,
    0.07559210880947771,
    0.07902148605790556,
    0.0741820251034768,
    0.07488139853114206,
    0.07840046913465161,
    0.07546125897624137,
    0.07624066128209142,
    0.07988748149328168,
    0.0742890277158296,
    0.07904725306034052,
    0.07847499867564725,
    0.08934266588053084,
    0.07631382184773829,
    0.07628775338707738,
    0.0775404932892637,
    0.07437567359595991,
    0.07822139631902925,
    0.07916506511310273,
    0.07826020849364614,
    0.07475723351861166,
    0.07754387708941016,
    0.08096535542652412,
    0.07664572013124965
  ],
  "val_score": [
    0.6136004556143444,
    0.6435705712326083,
    0.6415160199882421,
    0.6778733098177543,
    0.669433115324319,
    0.6975921026846951,
    0.6679802322163434,
    0.7100541348226533,
    0.6977176415833823,
    0.7081802371154222,
    0.685405643738977,
    0.7119678375465411,
    0.7043773270625121,
    0.677218058005095,
    0.7105195473251028,
    0.7206009332745443,
    0.719388411228689,
    0.6980605771115032,
    0.7201094944150499,
    0.761476092494611,
    0.6975431118949638,
    0.6982779737409366,
    0.7346413874191652,
    0.7278439153439153,
    0.7441425387027238,
    0.7199992651381539,
    0.7277183764452282,
    0.7587724132863021,
    0.7457347393689986,
    0.7180151381540271,
    0.7474096119929454,
    0.7349567656280619,
    0.7391592568097198,
    0.7449677273172643,
    0.7452233980011757,
    0.7560717960023516,
    0.7613229962767,
    0.7859592396629433,
    0.7709619341563787,
    0.7602344821673526,
    0.7831943219674701,
    0.7671467764060357,
    0.780184450323339,
    0.7620884773662551,
    0.7680500440917106,
    0.7970679012345678,
    0.7985896776406036,
    0.7927567117381933,
    0.8037275867136979,
    0.7663797643543013,
    0.744450262100725,
    0.7667579120125416,
    0.7673641730354693,
    0.7833229227905153,
    0.782915686850872,
    0.7940886488340193,
    0.777307772388791,
    0.7854616769547326,
    0.7873447604350382,
    0.79171259553204,
    0.8035836762688614,
    0.8045114393494024,
    0.8087522045855378,
    0.796985229276896,
    0.8034856946893983,
    0.7996659440525181,
    0.8042511757789533,
    0.7920800264550265,
    0.7945509994121106
  ]
}