{
  "train_loss": [
    0.21481904764384985,
    0.16818050782965518,
    0.16709049246372584,
    0.16389634256424365,
    0.16110802732308632,
    0.15833235752227107,
    0.15762622206193916,
    0.1570754065937099,
    0.15550336168611262,
    0.15481239581712003,
    0.15282149328816383,
    0.1519489910010613,
    0.15058035978209025,
    0.14975960360970345,
    0.14903905712642596,
    0.14913401582416533,
    0.1477962514953812,
    0.14876912443151233,
    0.14876221316274651,
    0.14636488373288775,
    0.14710092238762784,
    0.146716568412826,
    0.14733281440203835,
    0.14669935320866082,
    0.14558810012510784,
    0.14575765570486676,
    0.1449366505939555,
    0.14458334384018054,
    0.14447014192890034,
    0.14434894468048917,
    0.14395564871557592,
    0.14321751206641561,
    0.14365201633938637,
    0.14364652659247296,
    0.14301652982747212,
    0.14262005772739073,
    0.1427280829238783,
    0.14238157853801642,
    0.14247673114582868,
    0.1418623359895574,
    0.1428893904516826,
    0.14248321220572677,
    0.14302043513576368,
    0.14118184320419624,
    0.14128871902079318,
    0.1410533676161664,
    0.14139640634547543,
    0.14064764118533174,
    0.1413747449152287,
    0.14100680281060948,
    0.14214203253067745,
    0.1389313364589813,
    0.13944764019667963,
    0.13856012764457062,
    0.1388844158010725,
    0.13859545167124868,
    0.13840874325290306,
    0.13832932982947838,
    0.13746901634377548,
    0.13768269136292827
  ],
  "val_loss": [
    0.12031847787597537,
    0.11932947465807105,
    0.12152878995536454,
    0.11276300171235748,
    0.10885855573286779,
    0.10457783981925839,
    0.1083923919271762,
    0.1069209169331053,
    0.1051776038223292,
    0.10585824747173826,
    0.10232317361255182,
    0.10060141731706626,
    0.10603664345892566,
    0.10108499631100898,
    0.10168237075048396,
    0.09456902294771358,
    0.09957467669151486,
    0.0942513106267201,
    0.09672107094517958,
    0.09397090953717463,
    0.09758511176316981,
    0.09301130275348228,
    0.09419258647305548,
    0.09913416909642198,
    0.09633754249213822,
    0.09949855192424266,
    0.095283562213331,
    0.09656763210038569,
    0.09974017906789105,
    0.09211204007268858,
    0.09411503435147633,
    0.09794663336719442,
    0.09228452580031972,
    0.09649715332620963,
    0.09608541481711338,
    0.0950346804902577,
    0.09639262521280342,
    0.09711393790395191,
    0.09351379602310607,
    0.0898048678298005,
    0.09404407111701886,
    0.09283212336527948,
    0.09461751608678438,
    0.09277239681619842,
    0.09208509485798178,
    0.0929611874943558,
    0.09273628048814331,
    0.09367245028541307,
    0.0912257045151477,
    0.0940945805246298,
    0.09277351117479361,
    0.09116965148406846,
    0.09202731849565475,
    0.0918631346734617,
    0.09011417292416234,
    0.09005121894700667,
    0.09096763646168965,
    0.09132105722360416,
    0.09222269116330474,
    0.09056994734196558
  ],
  "val_score": [
    0.5703921100333138,
    0.5456670708406819,
    0.569008120223398,
    0.5865820350774054,
    0.6012409979423868,
    0.6478986013129532,
    0.6272107093866353,
    0.6359019816774446,
    0.6307227366255144,
    0.657872819909857,
    0.6391506834215167,
    0.6365220213599843,
    0.6340158362727807,
    0.6377284195571231,
    0.6566005903390162,
    0.6665334729570841,
    0.6397293871252204,
    0.6775349671761709,
    0.651407566627474,
    0.6544939863805604,
    0.6156932809131883,
    0.6425249240642761,
    0.661870162159514,
    0.6603085807368216,
    0.6287845385067607,
    0.6449055702527924,
    0.6540928742896335,
    0.6369491598079561,
    0.6530962179110327,
    0.6750869586517734,
    0.644052824319028,
    0.645981836664707,
    0.661384847148736,
    0.6403142146776406,
    0.649507642563198,
    0.6545613487164413,
    0.6522342862041937,
    0.6422677224181854,
    0.6459925533999608,
    0.6563831937095826,
    0.6513417352537723,
    0.6490636635312561,
    0.6422937487752303,
    0.657583468058005,
    0.6501077797374094,
    0.6704389574759945,
    0.6543179257299627,
    0.6637945816186556,
    0.6707145306682344,
    0.6608015505584951,
    0.6630015432098766,
    0.6632556829316087,
    0.6686936605918087,
    0.676369904957868,
    0.6570047643543014,
    0.6579202797374093,
    0.6628254825592789,
    0.6638037673917304,
    0.6676097393689986,
    0.6701511365863217
  ]
}