{
  "train_loss": [
    0.7157672317813835,
    0.6938117411997509,
    0.6783703784840716,
    0.6771520746974494,
    0.6676891377055336,
    0.667080841128818,
    0.6660950647832572,
    0.6629053541994471,
    0.6624165467658113,
    0.652609620909589,
    0.6527449326386467,
    0.6528420442939475,
    0.660077228387912,
    0.647601694103301,
    0.6474723561810428,
    0.6520619092695624,
    0.6374309790416026,
    0.6408805819678762,
    0.6474823077430338,
    0.6433261398255355,
    0.6442665430906787,
    0.6431205168751951,
    0.655976294331395
  ],
  "val_loss": [
    0.7001378876822335,
    0.6957155125481742,
    0.6950043950762067,
    0.7045397162437439,
    0.7132048777171544,
    0.7220873577254159,
    0.7258785281862531,
    0.7436531697000776,
    0.7400288922446114,
    0.7514020715441022,
    0.7481372697012765,
    0.7429844396454948,
    0.7501930253846305,
    0.7604130165917533,
    0.7718464647020612,
    0.7804198690823146,
    0.7853816747665405,
    0.772595933505467,
    0.7817435945783343,
    0.8015174865722656,
    0.7992173603602818,
    0.7820102487291608,
    0.7858450157301766
  ],
  "val_score": [
    0.4017857142857143,
    0.4017857142857143,
    0.5625,
    0.44642857142857145,
    0.41964285714285715,
    0.4017857142857143,
    0.41964285714285715,
    0.4107142857142857,
    0.4107142857142857,
    0.38392857142857145,
    0.4017857142857143,
    0.4017857142857143,
    0.35714285714285715,
    0.3482142857142857,
    0.36607142857142855,
    0.3392857142857143,
    0.35714285714285715,
    0.35714285714285715,
    0.35714285714285715,
    0.3392857142857143,
    0.36607142857142855,
    0.36607142857142855,
    0.35714285714285715
  ]
}