{
  "train_loss": [
    0.1856006879903767,
    0.1525031633388407,
    0.14826974365574325,
    0.14527668536374252,
    0.14319747767003924,
    0.14160331677980484,
    0.1400731089253321,
    0.13851849271791217,
    0.1380263032031435,
    0.13664082806036684,
    0.13633863181580053,
    0.13594730276980038,
    0.1342297882474713,
    0.13442833335351584,
    0.1334209467066787,
    0.13274509921678565,
    0.13248141630200033,
    0.13199686448647338,
    0.1317580579420121,
    0.13247893013195738,
    0.1313383877358898,
    0.13018552369141825,
    0.13112552369044622,
    0.13003266826576593,
    0.1289038387522129,
    0.1288779092152262,
    0.1293580027148302,
    0.12824454619266287,
    0.12892343392077352,
    0.1279090637529835,
    0.1275283710483116,
    0.1272018624164547,
    0.12780779350001756,
    0.12749101237266053,
    0.1269174460521511,
    0.1268405107757117,
    0.12703513149495332,
    0.12635925070786508,
    0.1262218698060736,
    0.12489993195565356,
    0.12551323443715512,
    0.12637535935169128,
    0.1241512497139319,
    0.1245111649726496,
    0.12494940721658009,
    0.12463814395341069,
    0.12435504572818096,
    0.12492497526893884,
    0.12390610675791514,
    0.12299768691959768,
    0.12283923446515928,
    0.12212999083500536,
    0.12201571139531028,
    0.12124670471084929,
    0.12153349620638586,
    0.1212241824142607,
    0.12135025231073526,
    0.12038137644210269
  ],
  "val_loss": [
    0.14996302525637187,
    0.12705643412831663,
    0.11636472673651484,
    0.10042883347608503,
    0.08893328607662038,
    0.09305810522937497,
    0.09180411381147478,
    0.09466098704815287,
    0.08389508663890659,
    0.08637616361488891,
    0.08288158270252569,
    0.08406610697518727,
    0.08183131833421961,
    0.08773279166242631,
    0.0902592702267192,
    0.08166405904282735,
    0.09205384544598891,
    0.07952697564404636,
    0.08134694625513704,
    0.08002856584642161,
    0.11089966722093604,
    0.07814877400880758,
    0.07885402001607181,
    0.0816835076026229,
    0.08452044213097837,
    0.0806064152130719,
    0.07933570849809976,
    0.07884975494995781,
    0.07791982988951243,
    0.07882881738447466,
    0.08179207150017132,
    0.0915425398182998,
    0.08709403615396895,
    0.08607517197771632,
    0.0820194753826592,
    0.07927302087670966,
    0.07772510332469085,
    0.07616573286670969,
    0.07791655738388546,
    0.07941227097656607,
    0.08780967849860392,
    0.08044180475128282,
    0.08808336621922513,
    0.07672537764484086,
    0.0773231806659221,
    0.07804606293042574,
    0.08512924353886689,
    0.07860502192590711,
    0.07937445615592836,
    0.0860247091441593,
    0.08084936009268459,
    0.07936750222251106,
    0.08180576616682161,
    0.08185020989971405,
    0.08107303100604805,
    0.0826627086785072,
    0.08082913175730658,
    0.08098313085455877
  ],
  "val_score": [
    0.6621778855575151,
    0.7366408240250834,
    0.7494580393885949,
    0.7382177150695669,
    0.7557227366255144,
    0.7773062414266118,
    0.7816449882422104,
    0.7829708014893201,
    0.7817582794434645,
    0.7817858367626886,
    0.7816756074857927,
    0.7873524152459338,
    0.7842231285518321,
    0.7832831177738585,
    0.7907756466784245,
    0.8061067019400352,
    0.7996337938467568,
    0.7855275083284342,
    0.7945785567313344,
    0.7869880462473056,
    0.7925117577895355,
    0.7762621252204585,
    0.7830902165392907,
    0.797224059376837,
    0.7791893249069175,
    0.7822910542817951,
    0.7803252988438173,
    0.7956287967862042,
    0.7827534048598863,
    0.8000992063492063,
    0.7940059768763472,
    0.787131956692142,
    0.7890058543993729,
    0.7881607632765039,
    0.7872636194395453,
    0.794211125808348,
    0.8003625318440133,
    0.7963942778757594,
    0.7987795169508132,
    0.7900040417401529,
    0.7845476925338035,
    0.7938896237507349,
    0.781568440133255,
    0.7969301146384479,
    0.793963109935332,
    0.7930475945522242,
    0.7868073927101703,
    0.7990520282186948,
    0.7881668871252204,
    0.7967678326474622,
    0.7963942778757593,
    0.7977415245933763,
    0.7922116892024299,
    0.7839720507544581,
    0.7843211101312954,
    0.7917462766999803,
    0.7986631638252009,
    0.7949398638056044
  ]
}