{
  "train_loss": [
    0.6943842845773,
    0.6565203776643836,
    0.6372092018245444,
    0.6282497108049683,
    0.625855225277698,
    0.6186043241294886,
    0.622432592883287,
    0.6215498119559143,
    0.6079941068779094,
    0.6160208945601542,
    0.6135319836764556,
    0.5999969396199633,
    0.6095536116539962,
    0.5995115834896959,
    0.6129492813610253,
    0.6102221380873123,
    0.593255967605771,
    0.6026510906031751,
    0.6073033490518885,
    0.5936623449668841,
    0.6115939428084881,
    0.5921423596123608,
    0.5965159476406797,
    0.5963065427119337,
    0.5929906385017326,
    0.5949664213794155,
    0.5895826296275325,
    0.5944154969216466,
    0.5953430906189574,
    0.5914315326543708,
    0.5944639988101106,
    0.6034587865739357,
    0.5825977208777944,
    0.5818862611316857,
    0.5916979682324842,
    0.57417982628965,
    0.5807422093116794,
    0.6003766936512981,
    0.5757642993776817,
    0.5806200285059797,
    0.5861772585102892,
    0.5832189951087814,
    0.5869365687847674,
    0.579954600642583,
    0.5886876167408929
  ],
  "val_loss": [
    0.6731398446219308,
    0.6632516213825771,
    0.6576847689492362,
    0.6697505712509155,
    0.6656389236450195,
    0.6675866842269897,
    0.676121711730957,
    0.6854511669703892,
    0.7011913997786385,
    0.696112505027226,
    0.6655096582004002,
    0.6681270769664219,
    0.7095046894890922,
    0.6376162767410278,
    0.6476321220397949,
    0.7083089436803546,
    0.6529489074434552,
    0.6855593238558088,
    0.643500634602138,
    0.6938170109476361,
    0.7029646124158587,
    0.7613436664853778,
    0.718910949570792,
    0.6723792212350028,
    0.6172934940883091,
    0.7099969216755458,
    0.7687522513525826,
    0.6633681995528085,
    0.8017476626804897,
    0.8083978550774711,
    0.7294489826474871,
    0.6860284549849374,
    0.7468220506395612,
    0.7479117683001927,
    0.6683992658342633,
    0.7212108969688416,
    0.7188415612493243,
    0.6910832950047084,
    0.6744474002293178,
    0.7681514705930438,
    0.7568161572728839,
    0.6847205928393773,
    0.735837289265224,
    0.7208380443709237,
    0.7509316035679409
  ],
  "val_score": [
    0.6696428571428571,
    0.625,
    0.6071428571428571,
    0.625,
    0.6607142857142857,
    0.6160714285714286,
    0.6071428571428571,
    0.5267857142857143,
    0.44642857142857145,
    0.45535714285714285,
    0.625,
    0.6071428571428571,
    0.4375,
    0.6517857142857143,
    0.625,
    0.49107142857142855,
    0.6071428571428571,
    0.5357142857142857,
    0.625,
    0.5178571428571429,
    0.4642857142857143,
    0.41964285714285715,
    0.45535714285714285,
    0.5535714285714286,
    0.6428571428571429,
    0.44642857142857145,
    0.41964285714285715,
    0.5535714285714286,
    0.4017857142857143,
    0.4017857142857143,
    0.4375,
    0.49107142857142855,
    0.41964285714285715,
    0.4375,
    0.5357142857142857,
    0.4642857142857143,
    0.48214285714285715,
    0.5089285714285714,
    0.5357142857142857,
    0.41964285714285715,
    0.41964285714285715,
    0.5267857142857143,
    0.4732142857142857,
    0.5,
    0.4107142857142857
  ]
}