{
  "train_loss": [
    0.6598369455337525,
    0.582635474205017,
    0.5071029782295227,
    0.46544512748718264,
    0.42411924242973326,
    0.40014280676841735,
    0.4060169756412506,
    0.35899892807006833,
    0.35488349974155425,
    0.34016265988349914,
    0.32293342232704164,
    0.31877049267292024,
    0.31676074385643005,
    0.30516256093978883,
    0.2773695594072342,
    0.2808832412958145,
    0.27093914449214934,
    0.26640586256980897,
    0.2511072272062302,
    0.2476576989889145,
    0.25494594395160675,
    0.2329626715183258,
    0.23914427757263185,
    0.23403757989406584,
    0.2372148358821869
  ],
  "val_loss": [
    0.6997319078445434,
    0.7537311315536499,
    0.7632051467895508,
    0.5939110946655274,
    0.5565384554862977,
    0.928704137802124,
    0.5678950119018554,
    0.8979682397842407,
    0.6890934610366821,
    0.6690340662002563,
    0.637281231880188,
    0.7833589458465576,
    0.6663323283195496,
    0.8824346041679383,
    0.81560720205307,
    0.8936941123008728,
    0.6548918175697327,
    0.6502026391029357,
    0.8045261240005493,
    0.6843625211715698,
    0.6659023857116699,
    0.6716037011146545,
    0.812733154296875,
    0.7662167048454285,
    0.9330490469932556
  ],
  "val_score": [
    0.5,
    0.5,
    0.51,
    0.625,
    0.74,
    0.595,
    0.745,
    0.6,
    0.645,
    0.66,
    0.775,
    0.665,
    0.71,
    0.62,
    0.675,
    0.645,
    0.785,
    0.785,
    0.72,
    0.79,
    0.785,
    0.8,
    0.725,
    0.755,
    0.66
  ]
}