{
  "train_loss": [
    1.4144902005372622,
    1.1091515259614007,
    1.1125883456692518,
    0.9558818857903153,
    0.9847916846066144,
    0.9453110978493406,
    0.8569741430781421,
    0.8167780660537016,
    0.792444024096726,
    0.7716344063273968,
    0.890628207789229,
    0.7501698278468961,
    0.7037316372343606,
    0.7222138413964563,
    0.6348871494170919,
    0.7342816126628184,
    0.6993672677448818,
    0.7008492834656526,
    0.6392192272018931,
    0.6580435887096435,
    0.6292736008679505,
    0.625455866313222,
    0.6462043394388042,
    0.6380307500756631,
    0.619782074565158,
    0.6469107059043223,
    0.61301912338849,
    0.59952639051712,
    0.627589644074306,
    0.6063046969632598,
    0.5835916942364722,
    0.6058189354677704,
    0.5993645271648841,
    0.5972234913146939,
    0.575091893546895,
    0.5850315968955462,
    0.5452042998425469,
    0.5745716664198413,
    0.5369960958027062,
    0.5740657169183274,
    0.592824196386391,
    0.5679140467745649,
    0.5485271629117874,
    0.5748509772716947,
    0.5945085232786173,
    0.5905294244013165,
    0.5780234129678278,
    0.5742092900925198,
    0.5825921839482336,
    0.549161566524055,
    0.5494947162602428,
    0.5480180934524107,
    0.5603083180362114,
    0.5567607524960865,
    0.5483088922782207,
    0.5580141970089504,
    0.5687649899043973,
    0.5487593285010287,
    0.544451713427918,
    0.5474093685134055,
    0.5432698830576662,
    0.5556275574375191,
    0.5529210919470299
  ],
  "val_loss": [
    1.4173333133969988,
    0.7893637078148978,
    0.6951401063374111,
    0.6088111741202218,
    0.9870705434254238,
    0.6010375533785138,
    0.7436005217688424,
    0.6219858527183533,
    0.7284067784036908,
    0.6583574158804757,
    0.6661012939044407,
    0.555895345551627,
    0.5840440903391156,
    0.6708647864205497,
    0.6202210187911987,
    0.5659248147691999,
    0.6550670691898891,
    0.5672300798552377,
    0.5801832675933838,
    0.6049862078257969,
    0.5819851500647408,
    0.5477247408458165,
    0.5658289364406041,
    0.5541436842509678,
    0.5945331198828561,
    0.5746837769235883,
    0.5597471339362008,
    0.5955920389720372,
    0.5790964705603463,
    0.58088219165802,
    0.5868431159428188,
    0.5718558004924229,
    0.5416048850331988,
    0.5880955627986363,
    0.5462581855910165,
    0.5878923790795463,
    0.5967914802687508,
    0.5651326605251857,
    0.5643155659948077,
    0.5737558603286743,
    0.6103377001626151,
    0.5672619087355477,
    0.5135608570916312,
    0.5456801567758832,
    0.5676668882369995,
    0.5692436013902936,
    0.5871556912149701,
    0.5825099774769374,
    0.564078552382333,
    0.5561921000480652,
    0.5459902456828526,
    0.547438485281808,
    0.5687183737754822,
    0.598724935735975,
    0.5479211211204529,
    0.5534346273967198,
    0.5507512518337795,
    0.559491753578186,
    0.5622789689472744,
    0.5404431819915771,
    0.589153357914516,
    0.5614109720502581,
    0.5546643904277256
  ],
  "val_score": [
    0.38392857142857145,
    0.6428571428571429,
    0.6875,
    0.6607142857142857,
    0.6517857142857143,
    0.6964285714285714,
    0.6696428571428571,
    0.6964285714285714,
    0.6517857142857143,
    0.6160714285714286,
    0.6160714285714286,
    0.6696428571428571,
    0.6964285714285714,
    0.6339285714285714,
    0.6607142857142857,
    0.7410714285714286,
    0.6428571428571429,
    0.7142857142857143,
    0.6517857142857143,
    0.6428571428571429,
    0.6607142857142857,
    0.7142857142857143,
    0.6875,
    0.7321428571428571,
    0.6875,
    0.6964285714285714,
    0.7053571428571429,
    0.7232142857142857,
    0.7142857142857143,
    0.7232142857142857,
    0.6785714285714286,
    0.7589285714285714,
    0.7410714285714286,
    0.7232142857142857,
    0.7410714285714286,
    0.7053571428571429,
    0.7142857142857143,
    0.7321428571428571,
    0.7678571428571429,
    0.7232142857142857,
    0.6875,
    0.7232142857142857,
    0.7589285714285714,
    0.7589285714285714,
    0.7053571428571429,
    0.6964285714285714,
    0.7053571428571429,
    0.7410714285714286,
    0.7589285714285714,
    0.7410714285714286,
    0.7589285714285714,
    0.75,
    0.7321428571428571,
    0.7053571428571429,
    0.7589285714285714,
    0.7589285714285714,
    0.7767857142857143,
    0.7767857142857143,
    0.7678571428571429,
    0.7678571428571429,
    0.7053571428571429,
    0.7410714285714286,
    0.7857142857142857
  ]
}