{
  "train_loss": [
    0.6729715371131897,
    0.6208230066299438,
    0.5343178164958954,
    0.464592410326004,
    0.41576380252838135,
    0.39830986857414247,
    0.3746204203367233,
    0.36368807911872864,
    0.3447029554843903,
    0.32751678228378295,
    0.33264743208885195,
    0.3233626616001129,
    0.2909229457378387,
    0.28235741138458254,
    0.2830606973171234,
    0.28263633251190184,
    0.2730881518125534,
    0.26534840285778044,
    0.26330106377601625,
    0.26582721531391146,
    0.25544780552387236
  ],
  "val_loss": [
    0.7149691510200501,
    1.162159390449524,
    1.820090379714966,
    1.0160169911384582,
    1.8558520555496216,
    0.8351627159118652,
    1.468259906768799,
    2.162778058052063,
    1.6762273740768432,
    2.1932555055618286,
    1.9117822074890136,
    1.1244013690948487,
    1.730783920288086,
    1.6706541538238526,
    1.8770117044448853,
    1.509689531326294,
    1.6538209867477418,
    1.3299021863937377,
    1.7661188459396362,
    1.6465654706954955,
    1.384971661567688
  ],
  "val_score": [
    0.5,
    0.5,
    0.5,
    0.605,
    0.515,
    0.625,
    0.545,
    0.51,
    0.54,
    0.52,
    0.53,
    0.555,
    0.505,
    0.53,
    0.535,
    0.53,
    0.52,
    0.565,
    0.545,
    0.525,
    0.575
  ]
}