{
  "train_loss": [
    0.6598195022619481,
    0.6277803242273621,
    0.6223777157785654,
    0.6074298580666361,
    0.6041483936749642,
    0.6011349149844509,
    0.5885647273841403,
    0.5901953380877577,
    0.5829567685304262,
    0.5836969607994714,
    0.5856423282113735,
    0.5826246076681483,
    0.5905390676148696,
    0.5692756249746402,
    0.5759706220288915,
    0.5750877245070561,
    0.5819782261035842,
    0.5848492884796838,
    0.5702230638004127,
    0.5772469032333726,
    0.5695157490913726,
    0.5664533756849334,
    0.5796919035294729,
    0.5734160764413153,
    0.5682218800580676,
    0.5607325282488417,
    0.5717243316203054,
    0.5699802362543391,
    0.5702506315855663,
    0.5605625992282571,
    0.5557158358051485,
    0.5703918020019918,
    0.5702422266601845,
    0.560169870727376,
    0.5617997965474767,
    0.5697110628518532,
    0.5558157309772461,
    0.5555825369564567,
    0.5645553259801275,
    0.565000851524426,
    0.5686922704945533,
    0.566070924861895,
    0.5594859693798627,
    0.5574594416956263,
    0.5510859269527268,
    0.5334157578655517,
    0.5510328737233166,
    0.5442589125496464,
    0.5505221501512388,
    0.5426068297253148,
    0.5546718753027835,
    0.5649140937121835,
    0.5614436764282639,
    0.5579666699816057,
    0.5617820098912354,
    0.5380494623404117,
    0.5446291148863708,
    0.5583261673174237,
    0.5637071092096572,
    0.5423955684705848,
    0.5500828501746411,
    0.5408891779030134,
    0.5472648592982169,
    0.5509716794649044,
    0.5436511950230035,
    0.5466142949827342,
    0.5477201124680458,
    0.5581561828490987,
    0.556213338812237,
    0.542813103901656,
    0.5533946435416643
  ],
  "val_loss": [
    0.6948339768818447,
    0.698785696710859,
    0.6833386932100568,
    0.6785757201058524,
    0.6216423511505127,
    0.6505909817559379,
    0.6296190023422241,
    0.6827811343329293,
    0.634588394846235,
    0.6652176976203918,
    0.6147857223238263,
    0.6633968949317932,
    0.6409851568085807,
    0.6712961367198399,
    0.5922501598085675,
    0.6052723271506173,
    0.6037648405347552,
    0.6248748302459717,
    0.6472664986337934,
    0.5743440815380642,
    0.5980323042188372,
    0.5980401635169983,
    0.6224750620978219,
    0.5845467277935573,
    0.584451402936663,
    0.593930355140141,
    0.5854350328445435,
    0.5875694411141532,
    0.5738720893859863,
    0.573889604636601,
    0.61625736951828,
    0.5975029809134347,
    0.5881488493510655,
    0.5835597515106201,
    0.5795421259743827,
    0.5752809047698975,
    0.5822101575987679,
    0.5662575960159302,
    0.5781012262616839,
    0.5817741921969822,
    0.5718734775270734,
    0.5717082023620605,
    0.5766410827636719,
    0.5734148366110665,
    0.5721954618181501,
    0.589339690549033,
    0.5736862591334752,
    0.56462447983878,
    0.5710314852850777,
    0.5692064847264972,
    0.5537264687674386,
    0.5708381193024772,
    0.5772918718201774,
    0.5666154623031616,
    0.5667764033590045,
    0.5722041896411351,
    0.5633902634893145,
    0.5673573357718331,
    0.5732989311218262,
    0.5910018937928336,
    0.5616938131196159,
    0.5681849292346409,
    0.561400021825518,
    0.5676613705498832,
    0.5777679170880999,
    0.5767154097557068,
    0.5672208496502468,
    0.5637376819338117,
    0.5563256655420575,
    0.5720795563289097,
    0.5730993832860675
  ],
  "val_score": [
    0.49107142857142855,
    0.49107142857142855,
    0.5267857142857143,
    0.5178571428571429,
    0.6428571428571429,
    0.5803571428571429,
    0.6160714285714286,
    0.5178571428571429,
    0.6071428571428571,
    0.5535714285714286,
    0.6160714285714286,
    0.5267857142857143,
    0.5803571428571429,
    0.5267857142857143,
    0.6517857142857143,
    0.7321428571428571,
    0.6339285714285714,
    0.6160714285714286,
    0.5446428571428571,
    0.7321428571428571,
    0.6607142857142857,
    0.6339285714285714,
    0.6339285714285714,
    0.6785714285714286,
    0.7142857142857143,
    0.7053571428571429,
    0.7053571428571429,
    0.6964285714285714,
    0.6964285714285714,
    0.7053571428571429,
    0.625,
    0.6785714285714286,
    0.7053571428571429,
    0.7142857142857143,
    0.6875,
    0.7142857142857143,
    0.6964285714285714,
    0.7232142857142857,
    0.7053571428571429,
    0.7053571428571429,
    0.6607142857142857,
    0.7053571428571429,
    0.6964285714285714,
    0.7053571428571429,
    0.7053571428571429,
    0.6875,
    0.7053571428571429,
    0.6875,
    0.7053571428571429,
    0.6964285714285714,
    0.7142857142857143,
    0.7053571428571429,
    0.6785714285714286,
    0.7410714285714286,
    0.7232142857142857,
    0.7232142857142857,
    0.6964285714285714,
    0.7053571428571429,
    0.7053571428571429,
    0.6607142857142857,
    0.7053571428571429,
    0.7053571428571429,
    0.7053571428571429,
    0.6964285714285714,
    0.6964285714285714,
    0.7142857142857143,
    0.6964285714285714,
    0.6964285714285714,
    0.7232142857142857,
    0.7053571428571429,
    0.6696428571428571
  ]
}