{
  "train_loss": [
    0.6056519365310669,
    0.4925069463253021,
    0.4366643679141998,
    0.3972179162502289,
    0.3662229609489441,
    0.35614952325820926,
    0.3375314879417419,
    0.3513374215364456,
    0.337502121925354,
    0.3297324115037918,
    0.3155921298265457,
    0.2872078907489777,
    0.2769469463825226,
    0.28348293364048005,
    0.2564734786748886,
    0.26070255994796754,
    0.2576856428384781,
    0.26036220729351045,
    0.260133228302002,
    0.21784018754959106,
    0.21729484498500823,
    0.2101056370139122,
    0.22467019379138947,
    0.23171926587820052,
    0.20243870288133622,
    0.18378110647201537,
    0.17596119105815888,
    0.1770084723830223,
    0.16127063989639281,
    0.1658831235766411,
    0.15700334876775743,
    0.15897051483392716,
    0.16255680620670318
  ],
  "val_loss": [
    0.7166513895988464,
    0.6400152707099914,
    0.5853169870376587,
    0.6842475795745849,
    0.6695547437667847,
    0.5189249086380004,
    0.5132908260822296,
    0.5395940470695496,
    0.5361962950229645,
    0.5093775343894958,
    0.5035026049613953,
    0.5303847658634185,
    0.4988362216949463,
    0.5217639625072479,
    0.5015279352664948,
    0.7667171740531922,
    0.560019109249115,
    0.5633701157569885,
    0.5150181102752686,
    0.5366938138008117,
    0.5540816521644593,
    0.5816977477073669,
    0.5751262545585633,
    0.6363112282752991,
    0.5846479511260987,
    0.6260014176368713,
    0.6194235944747924,
    0.608390988111496,
    0.6805188703536987,
    0.6637753868103027,
    0.6205286622047425,
    0.6652683091163635,
    0.7068771076202393
  ],
  "val_score": [
    0.515,
    0.63,
    0.685,
    0.645,
    0.665,
    0.735,
    0.75,
    0.72,
    0.77,
    0.75,
    0.77,
    0.765,
    0.77,
    0.75,
    0.785,
    0.68,
    0.82,
    0.725,
    0.785,
    0.785,
    0.81,
    0.79,
    0.795,
    0.755,
    0.815,
    0.775,
    0.79,
    0.805,
    0.775,
    0.775,
    0.805,
    0.805,
    0.765
  ]
}