{
  "train_loss": [
    0.6984208784033665,
    0.6496013612795466,
    0.6247966255996842,
    0.6245692794046734,
    0.607052099651105,
    0.6169697659758534,
    0.6109046933353283,
    0.6042101607816157,
    0.5985162360729865,
    0.6076080138691364,
    0.5953454101715904,
    0.5938754333822209,
    0.6044026114406951,
    0.5977684693207757,
    0.5902498992007013,
    0.5936229953414544,
    0.5941124835352259,
    0.5983311987835055,
    0.5797921358131048,
    0.5839739535737225,
    0.5816333273130273,
    0.5917580622521778,
    0.5717319758992362,
    0.5720812414842998,
    0.5810083724114168,
    0.5796972147458316,
    0.5631427559729234,
    0.581301205002685,
    0.5812733448932892,
    0.579557590060883,
    0.570888849761006,
    0.5733784212572637,
    0.587147858266219,
    0.5792988370454486,
    0.580033382025827,
    0.5714615360489042,
    0.5681061575061425,
    0.585571969923206,
    0.5681625561049067,
    0.5769109866750521,
    0.5759801426808129,
    0.5740027469912852,
    0.581294443931837,
    0.567483737310489,
    0.5884740822628995,
    0.5716757838047529,
    0.5749801784854369,
    0.5867977999192657,
    0.5719842769297759,
    0.5607128920383475,
    0.5619463857569228,
    0.5686977232132774,
    0.5710303679494139
  ],
  "val_loss": [
    0.6730241775512695,
    0.636905951159341,
    0.6009259309087481,
    0.5819499662944249,
    0.6153062411717006,
    0.5608169862202236,
    0.6284695523125785,
    0.5949573857443673,
    0.5617008549826485,
    0.5614370448248727,
    0.5681474208831787,
    0.607245819909232,
    0.5703584126063755,
    0.6230138369968959,
    0.5723244292395455,
    0.5939912966319493,
    0.5633346693856376,
    0.5786526884351458,
    0.5533534118107387,
    0.5793002077511379,
    0.5736336282321385,
    0.5609971625464303,
    0.568240795816694,
    0.5661480682236808,
    0.5649346709251404,
    0.5622900383813041,
    0.562001747744424,
    0.5546262434550694,
    0.5635526776313782,
    0.5690932614462716,
    0.5753570880208697,
    0.5626925570624215,
    0.5441068070275443,
    0.5492221968514579,
    0.5603197983333043,
    0.5641137361526489,
    0.5618640354701451,
    0.5583693981170654,
    0.5606492757797241,
    0.563996434211731,
    0.5649682368550982,
    0.5544640166418893,
    0.5528785160609654,
    0.5671368411609105,
    0.5582098109381539,
    0.5549501350947789,
    0.5550992829459054,
    0.5655641385487148,
    0.5602980766977582,
    0.5625276224953788,
    0.563434192112514,
    0.5672725098473685,
    0.5658420750073024
  ],
  "val_score": [
    0.6428571428571429,
    0.7232142857142857,
    0.6964285714285714,
    0.6696428571428571,
    0.625,
    0.6875,
    0.5982142857142857,
    0.6964285714285714,
    0.6875,
    0.7232142857142857,
    0.7232142857142857,
    0.7142857142857143,
    0.6964285714285714,
    0.6339285714285714,
    0.6964285714285714,
    0.7321428571428571,
    0.6785714285714286,
    0.6785714285714286,
    0.6875,
    0.6875,
    0.6696428571428571,
    0.7410714285714286,
    0.7321428571428571,
    0.7232142857142857,
    0.7142857142857143,
    0.6785714285714286,
    0.7053571428571429,
    0.7232142857142857,
    0.7053571428571429,
    0.7053571428571429,
    0.6964285714285714,
    0.7142857142857143,
    0.7232142857142857,
    0.7321428571428571,
    0.7232142857142857,
    0.7142857142857143,
    0.7232142857142857,
    0.7232142857142857,
    0.7410714285714286,
    0.7321428571428571,
    0.7142857142857143,
    0.7142857142857143,
    0.7410714285714286,
    0.7410714285714286,
    0.7410714285714286,
    0.7232142857142857,
    0.7410714285714286,
    0.7410714285714286,
    0.7410714285714286,
    0.7321428571428571,
    0.7410714285714286,
    0.7232142857142857,
    0.7321428571428571
  ]
}