{
  "train_loss": [
    0.2894396536952497,
    0.21905536867012615,
    0.19230477524241538,
    0.177495410930312,
    0.16755517748844362,
    0.1603617092051523,
    0.1555837937421101,
    0.15134904536149618,
    0.14905033749736993,
    0.14615018479146732,
    0.14423933379472792,
    0.1434742410019779,
    0.14202076111348125,
    0.14064875966385956,
    0.1387395149802309,
    0.13830965293772274,
    0.1380599678145381,
    0.1371526355305137,
    0.13711232160899434,
    0.13642797788650896,
    0.13618751514219216,
    0.1352954322069069,
    0.13447818765590827,
    0.13510794902051604,
    0.13490637984448484,
    0.13605461556200954,
    0.13457407120103795,
    0.1341591646836444,
    0.13433967028054936,
    0.1337639502609183,
    0.13375143807933149,
    0.13395584716272876,
    0.13395845091294736,
    0.1335550123014226,
    0.13029971568343077,
    0.13155767282217487,
    0.13115553322767676,
    0.13161232272838264,
    0.13117776637613432,
    0.1282170447735053,
    0.130510711238141,
    0.13079986452045442,
    0.12902965594869661,
    0.1295056786640769,
    0.1304109004822072,
    0.12971868906623604,
    0.12906247739909707,
    0.12940717788789025,
    0.12942079476592538,
    0.12946406240423547,
    0.12860297838796117,
    0.1295586091611377,
    0.12885263582424844,
    0.1284958810769779,
    0.12743781501806775,
    0.1290826623567704,
    0.12823111302014983,
    0.12776487866620778,
    0.12840761525632816,
    0.12873264583156216,
    0.12929840277883714,
    0.1269899761708877,
    0.12771210649562645,
    0.12756297335895742,
    0.1264340168932947,
    0.12723649415582955,
    0.1266508698555154,
    0.12739523854044957
  ],
  "val_loss": [
    0.15395782136356284,
    0.13583304599894824,
    0.12652026684925327,
    0.11169430002553848,
    0.13818840971073906,
    0.09672403480670123,
    0.10165905175151368,
    0.1093946313551169,
    0.10724468907097265,
    0.11584153187789753,
    0.10347768752397542,
    0.09333481196039659,
    0.08816465225732807,
    0.10075011944324466,
    0.09468621489429543,
    0.09263806012403623,
    0.0913283217978208,
    0.09434716857846581,
    0.09007562348995436,
    0.09282391633020536,
    0.09173200891751487,
    0.08786329444848344,
    0.08111671719712778,
    0.10097669819068755,
    0.08246750728024087,
    0.08383099116392229,
    0.08688741091819045,
    0.10222678812691222,
    0.09692856733778475,
    0.08230965070104022,
    0.08470356348361263,
    0.08632366813007364,
    0.09398436218630563,
    0.0843961118615633,
    0.08978366651978736,
    0.08758227372283436,
    0.08628602147350528,
    0.08839771859374992,
    0.08537357253059401,
    0.083743897401867,
    0.08050081711067732,
    0.08274087698760184,
    0.08087182331806714,
    0.08316416578711985,
    0.08485522610605227,
    0.08628258240424366,
    0.08476312960971961,
    0.07776878400686055,
    0.09752071306739821,
    0.0812183989851819,
    0.08321113314537557,
    0.08996047667747804,
    0.08233282095400551,
    0.09321060216784796,
    0.08446747495063915,
    0.08361247862213006,
    0.09640407342297982,
    0.09319896533235694,
    0.08390140014483441,
    0.081497963633612,
    0.08595764729740728,
    0.0859437503587249,
    0.08515293398926815,
    0.08951201419729388,
    0.08853850641495956,
    0.08282827583195743,
    0.08846711454545744,
    0.08616283773056259
  ],
  "val_score": [
    0.3603272584754066,
    0.5680910738781109,
    0.715501298255928,
    0.7185632226141485,
    0.724218596903782,
    0.6975446428571428,
    0.710534856946894,
    0.7320663090339016,
    0.7572108318636096,
    0.7414174260239076,
    0.7559431951793063,
    0.7523852390750538,
    0.745906207133059,
    0.7636592445620223,
    0.7729552469135803,
    0.7136610817166373,
    0.782039976484421,
    0.7929802322163433,
    0.7526056976288458,
    0.788491451107192,
    0.7287900499706055,
    0.7460746129727611,
    0.8062659220066628,
    0.7648288996668627,
    0.7947255291005292,
    0.7464879727611208,
    0.7522015236135605,
    0.7920218498922201,
    0.7975945522241819,
    0.7605422055653538,
    0.7869206839114246,
    0.7998236331569665,
    0.7599175729962765,
    0.8057515187144816,
    0.7431474132863022,
    0.7415582745443856,
    0.7444579169116207,
    0.7381350431118949,
    0.746255266509896,
    0.7400334362139918,
    0.7500673623358809,
    0.7544520380168528,
    0.7556063834999021,
    0.7865348814422889,
    0.7689104448363708,
    0.7275744660003919,
    0.7376543209876544,
    0.8000287820889672,
    0.7605728248089358,
    0.7987733931020969,
    0.733640138154027,
    0.7598838918283363,
    0.764305310601607,
    0.7736411179698216,
    0.7586407505388985,
    0.7602176415833823,
    0.7583024078973153,
    0.7559768763472466,
    0.7561483441113069,
    0.7557196747011562,
    0.7540049970605526,
    0.7598042817950225,
    0.7663323045267489,
    0.7547214873603763,
    0.7670334852047814,
    0.7828850676072899,
    0.7778359543405841,
    0.7708547668038408
  ]
}