{
  "train_loss": [
    14.362261142730713,
    8.426115760803222,
    5.821151218414307,
    4.526454753875733,
    2.4138671803474425,
    2.091119019985199,
    2.4795224189758303,
    1.6036766290664672,
    1.895533971786499,
    2.0037963151931764,
    2.0229799866676332,
    1.4510150384902953,
    1.8756665635108947,
    1.0254968440532684,
    0.7818096435070038,
    0.7219267183542252,
    0.63650445997715,
    1.187273203730583,
    0.7453150618076324,
    0.5861559033393859,
    0.9003468942642212,
    0.6223873543739319
  ],
  "val_loss": [
    5.332833471298218,
    1.4011349058151246,
    3.3871631479263304,
    1.691722948551178,
    3.528310990333557,
    2.846791582107544,
    4.009985122680664,
    1.919321792125702,
    2.473331034183502,
    3.33415633559227,
    1.5881357455253602,
    5.917139625549316,
    2.911717174053192,
    2.8837745499610903,
    2.5152753162384034,
    2.5971609854698183,
    3.0459899896383287,
    2.3911192643642427,
    2.583795610666275,
    2.1826189398765563,
    1.9799385559558869,
    2.1091590487957
  ],
  "val_score": [
    0.5,
    0.66,
    0.45,
    0.695,
    0.64,
    0.55,
    0.59,
    0.65,
    0.64,
    0.605,
    0.63,
    0.56,
    0.56,
    0.66,
    0.675,
    0.7,
    0.705,
    0.66,
    0.72,
    0.72,
    0.73,
    0.71
  ]
}