{
  "train_loss": [
    0.7145675073458454,
    0.6859115724890787,
    0.6922918837035601,
    0.6859533355662472,
    0.6826585944243303,
    0.6822794847466949,
    0.678512496674691,
    0.675346978536741,
    0.6746689751660462,
    0.6741073072560057,
    0.6737531098391529,
    0.6711815093445965,
    0.667194706717814,
    0.6711168238899436,
    0.6687348699542883,
    0.6666821594045186,
    0.6642348308396956,
    0.664403016508229,
    0.661021096969214,
    0.6598371916332181,
    0.6592406940942942,
    0.6583986182448834,
    0.6588516178361745,
    0.661921691773847,
    0.6608806150568349,
    0.6588890396972072,
    0.6547060514327779,
    0.6550974713803946,
    0.6549901382995537,
    0.6488554554795521,
    0.6568688042922819,
    0.6581330836422666,
    0.6520404507928812,
    0.651229198456347,
    0.6520300357360539,
    0.6529525341413689,
    0.6496366805515353,
    0.649871603643398,
    0.6529847878975327,
    0.6527276272446554,
    0.6511178825918011,
    0.6482753046988368,
    0.6509712693795847,
    0.6477586593483109,
    0.6496284139437938,
    0.6481389816351762,
    0.6482031862969071,
    0.6464583257588278,
    0.6489024897796365,
    0.6486544358985095,
    0.6484943155630903,
    0.6468630884307844,
    0.6471237125895557
  ],
  "val_loss": [
    0.6793633529118129,
    0.6877150194985526,
    0.6816038574491229,
    0.67813583782741,
    0.6768897005489894,
    0.676848156111581,
    0.6748155525752476,
    0.6725879567010062,
    0.675195574760437,
    0.6754985707146781,
    0.6702432376997811,
    0.6697915366717747,
    0.6691392489842006,
    0.6698636838368007,
    0.6683927263532367,
    0.6677373647689819,
    0.6678006819316319,
    0.6680828503199986,
    0.6665942328316825,
    0.6673269612448556,
    0.6665494612285069,
    0.6658312082290649,
    0.6659791214125497,
    0.6661469425473895,
    0.6664209025246757,
    0.667632520198822,
    0.6650255748203823,
    0.6656992861202785,
    0.667107377733503,
    0.6738130024501255,
    0.6730766807283673,
    0.6688031213624137,
    0.6643945319311959,
    0.6645924193518502,
    0.6645947865077427,
    0.6650246977806091,
    0.6651761020932879,
    0.66666236945561,
    0.6668226718902588,
    0.6660647732870919,
    0.6670693755149841,
    0.6650275673185077,
    0.6653035793985639,
    0.6658527595656258,
    0.6662176762308393,
    0.6653829302106585,
    0.6666202289717538,
    0.666245128427233,
    0.665714008467538,
    0.6660050834928241,
    0.6666332653590611,
    0.6660884193011692,
    0.6658679076603481
  ],
  "val_score": [
    0.5982142857142857,
    0.6160714285714286,
    0.5982142857142857,
    0.5982142857142857,
    0.5982142857142857,
    0.5982142857142857,
    0.5982142857142857,
    0.5982142857142857,
    0.5982142857142857,
    0.6071428571428571,
    0.5982142857142857,
    0.5982142857142857,
    0.5982142857142857,
    0.5982142857142857,
    0.5982142857142857,
    0.5982142857142857,
    0.5982142857142857,
    0.6160714285714286,
    0.5982142857142857,
    0.6160714285714286,
    0.6160714285714286,
    0.6071428571428571,
    0.625,
    0.625,
    0.6071428571428571,
    0.6517857142857143,
    0.6071428571428571,
    0.6339285714285714,
    0.6071428571428571,
    0.6428571428571429,
    0.6071428571428571,
    0.7053571428571429,
    0.6339285714285714,
    0.6428571428571429,
    0.6339285714285714,
    0.6517857142857143,
    0.6339285714285714,
    0.7053571428571429,
    0.7053571428571429,
    0.6339285714285714,
    0.6964285714285714,
    0.6517857142857143,
    0.6339285714285714,
    0.6339285714285714,
    0.6339285714285714,
    0.6517857142857143,
    0.6339285714285714,
    0.6964285714285714,
    0.6517857142857143,
    0.6607142857142857,
    0.6339285714285714,
    0.6607142857142857,
    0.6517857142857143
  ]
}