{
  "train_loss": [
    0.27825242751091017,
    0.2044346247442774,
    0.18833280567854596,
    0.17615528680395595,
    0.17020777817820637,
    0.16442193035955166,
    0.16009095282122063,
    0.15605331815806156,
    0.14980889470353692,
    0.1496445120245526,
    0.14543382076303168,
    0.14153434094289555,
    0.14027705786744116,
    0.13947933715720348,
    0.13699341842256518,
    0.13529371840992604,
    0.13304860916678576,
    0.13062941103765816,
    0.12883180720274007,
    0.12952798999720752,
    0.12779630907349795,
    0.12728167549804908,
    0.12787283404625327,
    0.12492636760929395,
    0.12547946921566297,
    0.1238178287913199,
    0.12407982297577293,
    0.12451756792563344,
    0.12231440674535658,
    0.12074703809041129,
    0.12077078322596704,
    0.11740881554788732,
    0.11579107506953236,
    0.11533321607773589,
    0.11572827208147582,
    0.1141159987362846,
    0.11403274693561173,
    0.11426844726520469,
    0.11371624858545545,
    0.11389318954145543,
    0.112789235888081,
    0.11272028754447873,
    0.11237040559828398,
    0.11257471847238792,
    0.11163968475199397,
    0.11090105611331957,
    0.11167534310918137,
    0.11049487485653749,
    0.11113866216613962,
    0.11106783762334833,
    0.11050213629313688,
    0.11008311097727075,
    0.11029162854340063,
    0.10927823346697772,
    0.10915363055222559,
    0.10892624849394861,
    0.1083984335288933,
    0.10970613743486779,
    0.10904486191113855,
    0.10871344413812688,
    0.1082071362033057,
    0.10527074776140585,
    0.1043789026645798,
    0.10553908117643362,
    0.10382880356669705,
    0.10374726377673169,
    0.10413629876230666,
    0.10523174923291605,
    0.10494153502005954,
    0.10463315648679831
  ],
  "val_loss": [
    0.1489030756192169,
    0.23983128257086755,
    0.1242934880308796,
    0.10862208899620485,
    0.10526790492505618,
    0.11539051427216981,
    0.11474829644087947,
    0.1274920785147493,
    0.0955177072535022,
    0.10629223136787425,
    0.12866752570028103,
    0.0880452564616008,
    0.08935609149096504,
    0.09782442604906,
    0.08667859108393992,
    0.08639197038708958,
    0.11160918694137151,
    0.08996551245027089,
    0.08874038342112953,
    0.07965383586521767,
    0.08735344139145813,
    0.08030071242404714,
    0.08832002941106007,
    0.10297198348365943,
    0.08010655877782938,
    0.08261466295943624,
    0.08399298571846309,
    0.08095297235483791,
    0.0811637391311581,
    0.08227045797495411,
    0.08372809279301567,
    0.10908266120138987,
    0.07870135413312507,
    0.07569253186650217,
    0.07519387143942349,
    0.08536440364444942,
    0.08401910893129058,
    0.07585478095673323,
    0.08101373225330052,
    0.08304790386043846,
    0.08020669866874977,
    0.0867164256995412,
    0.07478015801982324,
    0.0747167506200186,
    0.08594280865257155,
    0.07863691266002974,
    0.0754967522450786,
    0.08006998639460494,
    0.09054069303871903,
    0.07155384853370841,
    0.07703396189054838,
    0.07760702917538448,
    0.07834620021080742,
    0.08124540355364475,
    0.07535859873521066,
    0.08119043989803071,
    0.07520182849205315,
    0.0864194214789873,
    0.08519384280139698,
    0.07780437805089142,
    0.07708939838178099,
    0.07969657246815029,
    0.07841588202782415,
    0.08071145615949157,
    0.0828077723554055,
    0.0830520838116396,
    0.08099551221836741,
    0.07929177050031097,
    0.08157086045020019,
    0.08085574696341803
  ],
  "val_score": [
    0.5151993925142073,
    0.7225284146580444,
    0.6212215853419557,
    0.6532033852635706,
    0.7070503870272389,
    0.7189030962179109,
    0.7083210856359006,
    0.7309976974328826,
    0.6922704781501077,
    0.6424468449931413,
    0.7590020576131687,
    0.6993557711150302,
    0.746016436409955,
    0.7250912453458749,
    0.7290809327846365,
    0.7031770527140896,
    0.7825849990201841,
    0.6855097491671566,
    0.7608483980011758,
    0.7666262492651382,
    0.6876469723691947,
    0.7561116010190085,
    0.7524281060160689,
    0.7306394522829709,
    0.7643037796394279,
    0.7529547570056829,
    0.7190837497550461,
    0.743144351361944,
    0.7592102684695277,
    0.7249014060356653,
    0.7579028267685675,
    0.777128649813835,
    0.762307404957868,
    0.7709588722320203,
    0.7753435479129923,
    0.7680163629237703,
    0.7739963011953753,
    0.7848569468939839,
    0.7894375857338819,
    0.7760171712718008,
    0.7326970654516951,
    0.7723214285714285,
    0.7819328091318831,
    0.7774930188124632,
    0.8219399127963942,
    0.7657750342935528,
    0.8105893592004704,
    0.7876341122868901,
    0.8020343425436018,
    0.802371154223006,
    0.7793883499902018,
    0.8027845140113659,
    0.7724010386047422,
    0.7909746717617088,
    0.7957696453066824,
    0.8050748334313149,
    0.8181982412306487,
    0.7790056094454241,
    0.7793271115030374,
    0.7812408142269254,
    0.7818317656280619,
    0.7940121007250637,
    0.7956594160297864,
    0.7996154223006074,
    0.8106659073094258,
    0.7865256956692142,
    0.7900775279247501,
    0.7983508475406623,
    0.7933997158534195,
    0.7794465265530081
  ]
}