{
  "train_loss": [
    1.9573812298350983,
    1.0548072021509047,
    1.0607873230200382,
    1.0343810876389323,
    1.0319227429423208,
    0.9085568329078408,
    1.030614730678876,
    0.8986926930291312,
    0.8636395130704573,
    0.8557732570560228,
    0.8760161096119103,
    0.8389277285210059,
    0.8441588438804292,
    0.8053076063420024,
    0.8015136760319044,
    0.7630642270344583,
    0.7334539028737355,
    0.7724013490135141,
    0.8334978883928872,
    0.7547318838176362,
    0.7682367831435059,
    0.6833755151359249,
    0.7417002137251726,
    0.7483159980167823,
    0.682283147448764,
    0.7183730894588647,
    0.6362795741941583,
    0.6480846333959641,
    0.6660166976154186,
    0.6256178703967846,
    0.6320581304745412,
    0.609920550586134,
    0.6462191325875316,
    0.6306285139412123,
    0.614408058444346,
    0.6127421019852363,
    0.6043701342844453,
    0.6021401215055527,
    0.6047074513843008,
    0.5720958735865066,
    0.5844937821743325,
    0.5869206738552442,
    0.5730446302850549,
    0.5697803703148265,
    0.5766615044279495,
    0.58272912243488,
    0.5695978391022999,
    0.5749727177807665,
    0.577878815854226
  ],
  "val_loss": [
    0.6398696984563556,
    0.6268639309065682,
    0.6202087572642735,
    0.6167800085885184,
    0.6149227363722665,
    0.7296983684812274,
    0.6903659786496844,
    0.6761388948985508,
    0.6124093702861241,
    0.6001754914011274,
    0.6042907238006592,
    0.6009531361716134,
    0.6027614303997585,
    0.5931935650961739,
    0.6022328819547381,
    0.6045606562069484,
    0.6026041081973484,
    0.5901138952800206,
    0.5972783310072762,
    0.6047595909663609,
    0.5872375879968915,
    0.5840112481798444,
    0.6033461775098529,
    0.6191922766821725,
    0.5879423022270203,
    0.8696197867393494,
    0.6551089286804199,
    0.5962779181344169,
    0.578580413545881,
    0.6181185075214931,
    0.6182184645107814,
    0.5941400357655117,
    0.753727878843035,
    0.640493563243321,
    0.6041169336863926,
    0.6193573134286063,
    0.7384109241621835,
    0.610182694026402,
    0.6037504502705165,
    0.6304758276258197,
    0.615668169089726,
    0.6647320645196098,
    0.5877506307193211,
    0.6019330450466701,
    0.6651124954223633,
    0.5907370022365025,
    0.5882326109068734,
    0.6407231603349958,
    0.5964268786566598
  ],
  "val_score": [
    0.5982142857142857,
    0.6071428571428571,
    0.5982142857142857,
    0.5982142857142857,
    0.5982142857142857,
    0.5982142857142857,
    0.5982142857142857,
    0.5982142857142857,
    0.5982142857142857,
    0.6785714285714286,
    0.6785714285714286,
    0.6696428571428571,
    0.6428571428571429,
    0.6517857142857143,
    0.7142857142857143,
    0.7053571428571429,
    0.7053571428571429,
    0.6607142857142857,
    0.6696428571428571,
    0.6428571428571429,
    0.6696428571428571,
    0.6517857142857143,
    0.6428571428571429,
    0.6607142857142857,
    0.6517857142857143,
    0.4107142857142857,
    0.5625,
    0.7053571428571429,
    0.6875,
    0.6607142857142857,
    0.6696428571428571,
    0.6696428571428571,
    0.44642857142857145,
    0.5982142857142857,
    0.7142857142857143,
    0.625,
    0.45535714285714285,
    0.6517857142857143,
    0.6696428571428571,
    0.6160714285714286,
    0.6696428571428571,
    0.5357142857142857,
    0.7767857142857143,
    0.7321428571428571,
    0.5446428571428571,
    0.7410714285714286,
    0.7589285714285714,
    0.5982142857142857,
    0.7142857142857143
  ]
}