{
  "train_loss": [
    0.6498114109039307,
    0.5764463841915131,
    0.5097878229618072,
    0.46062674522399905,
    0.4346761977672577,
    0.40477691531181337,
    0.38327954649925233,
    0.37564481019973756,
    0.35133627235889436,
    0.3523606318235397,
    0.3347156274318695,
    0.33269729137420656,
    0.3229201191663742,
    0.3034728312492371,
    0.2980172973871231,
    0.2954976910352707,
    0.2798126101493835,
    0.2790582144260407,
    0.2642134457826614,
    0.25319997608661654,
    0.2712991166114807,
    0.2645287662744522,
    0.2522854346036911,
    0.2537914437055588
  ],
  "val_loss": [
    0.7423243284225464,
    0.8709216117858887,
    0.8235001850128174,
    0.5756140232086182,
    0.5777166843414306,
    0.6323188209533691,
    0.7650019407272339,
    0.7542967796325684,
    0.7570399856567382,
    0.7677686834335327,
    0.7422673606872559,
    0.7662396144866943,
    0.676995620727539,
    0.6607423591613769,
    1.0808868932723998,
    0.8750173997879028,
    0.7034974527359009,
    0.6892562294006348,
    0.7668326568603515,
    0.784868278503418,
    0.6563265466690064,
    0.654553451538086,
    0.652862663269043,
    0.7512594747543335
  ],
  "val_score": [
    0.5,
    0.5,
    0.52,
    0.745,
    0.74,
    0.74,
    0.685,
    0.61,
    0.61,
    0.61,
    0.615,
    0.615,
    0.735,
    0.72,
    0.59,
    0.635,
    0.765,
    0.745,
    0.65,
    0.685,
    0.73,
    0.755,
    0.755,
    0.7
  ]
}