{
  "train_loss": [
    0.6726243214344415,
    0.6168129047875464,
    0.6222882469271648,
    0.6014270383541979,
    0.5992541347365278,
    0.6049867657225901,
    0.5849691376643186,
    0.6073993528921773,
    0.5930550837275416,
    0.5743174036656777,
    0.588136216652809,
    0.5743465905650796,
    0.5784726826090646,
    0.5812260459593096,
    0.5794512895684945,
    0.5799063155165673,
    0.5770599952698827,
    0.5661900500747028,
    0.5761820627680243,
    0.5868018146172685,
    0.5920634205349384,
    0.5783733080557146,
    0.5828517112206286,
    0.567083188599757,
    0.5658397757028165,
    0.5838634322813311,
    0.5688054554239838,
    0.5727054111332673,
    0.5611914929978893,
    0.5623051435660458,
    0.5774560252244346,
    0.5727649209402812,
    0.5530121917799702,
    0.5777762056201596,
    0.5809532392547959,
    0.5665469661070069,
    0.5724198012303716,
    0.5566467923710398,
    0.5570751518446898,
    0.5778072639981324,
    0.5691736833987542,
    0.5573323879252671,
    0.5646618436372455,
    0.5558573622403182,
    0.5657204429129782
  ],
  "val_loss": [
    0.7090969937188285,
    0.6886549762317112,
    0.6771536554609027,
    0.6149964758328029,
    0.6012465357780457,
    0.5883350712912423,
    0.559904660497393,
    0.5905244094984872,
    0.5812785284859794,
    0.5707295792443412,
    0.5626501526151385,
    0.5389603461538043,
    0.530480682849884,
    0.5734584331512451,
    0.5652218035289219,
    0.5554989916937692,
    0.5667831386838641,
    0.5404461537088666,
    0.5419696952615466,
    0.5568187407084874,
    0.5406549232346671,
    0.5656342847006661,
    0.5547047683170864,
    0.5551348328590393,
    0.5295069941452571,
    0.5428902932575771,
    0.5611479963575091,
    0.5454775605882917,
    0.5494011299950736,
    0.539183965751103,
    0.5449763025556292,
    0.5417252864156451,
    0.5419319868087769,
    0.5465574009077889,
    0.5485739707946777,
    0.5428241235869271,
    0.5384896653039115,
    0.5432719247681754,
    0.5428992339542934,
    0.5448907273156303,
    0.5390992760658264,
    0.5373744709151131,
    0.5405551876340594,
    0.5365353311811175,
    0.543291551726205
  ],
  "val_score": [
    0.4375,
    0.5267857142857143,
    0.5446428571428571,
    0.6339285714285714,
    0.6339285714285714,
    0.6607142857142857,
    0.7232142857142857,
    0.6607142857142857,
    0.6607142857142857,
    0.6607142857142857,
    0.6785714285714286,
    0.75,
    0.7589285714285714,
    0.6785714285714286,
    0.6785714285714286,
    0.6875,
    0.6785714285714286,
    0.7678571428571429,
    0.7946428571428571,
    0.7232142857142857,
    0.7946428571428571,
    0.7232142857142857,
    0.7589285714285714,
    0.7410714285714286,
    0.7589285714285714,
    0.7946428571428571,
    0.7589285714285714,
    0.7678571428571429,
    0.7589285714285714,
    0.7857142857142857,
    0.7767857142857143,
    0.7589285714285714,
    0.7678571428571429,
    0.7678571428571429,
    0.7589285714285714,
    0.7678571428571429,
    0.7589285714285714,
    0.7589285714285714,
    0.7589285714285714,
    0.7589285714285714,
    0.7678571428571429,
    0.7678571428571429,
    0.7678571428571429,
    0.7678571428571429,
    0.75
  ]
}