{
  "train_loss": [
    9.923752651214599,
    6.105981197357178,
    4.589203567504883,
    3.4846987676620484,
    2.863200430870056,
    2.4065975379943847,
    2.7653375005722047,
    1.7622684168815612,
    2.17513010263443,
    1.6889420056343079,
    1.4636369013786317,
    1.224671881198883,
    1.2088845777511597,
    0.9598681831359863,
    1.1028852927684785,
    0.8462749767303467,
    0.8625533020496369,
    0.9388629770278931,
    0.805786052942276,
    0.6455545997619629,
    0.641745982170105,
    0.6623490428924561,
    0.8524865221977234,
    0.6708863246440887,
    0.5533965760469437,
    0.7548706448078155,
    0.9561268812417985,
    0.5664657068252563,
    0.5321392571926117,
    0.39248892962932586,
    0.3872748029232025,
    0.4216492435336113,
    0.4941499370336533,
    0.3755321741104126,
    0.33823088228702547,
    0.39065940499305724,
    0.3267486929893494,
    0.3906378573179245,
    0.36172294199466704,
    0.3107903480529785,
    0.31611751317977904,
    0.3395529967546463,
    0.3981520694494247,
    0.5416876220703125,
    0.3080949425697327,
    0.28089550614356995,
    0.2999627137184143,
    0.32134084284305575,
    0.3673702588677406,
    0.43738290190696716,
    0.46529887467622755,
    0.2804218530654907,
    0.24033731758594512,
    0.22711286813020706,
    0.2704206788539886,
    0.2232603672146797,
    0.2223450458049774,
    0.21870743960142136,
    0.23481324791908265
  ],
  "val_loss": [
    17.013572998046875,
    7.785746383666992,
    3.7096418380737304,
    3.010262899398804,
    3.548414242267609,
    10.470304651260376,
    7.49898330450058,
    7.013960747718811,
    6.300074982643127,
    2.585299434661865,
    4.38549587726593,
    2.722988362312317,
    2.5698087549209596,
    1.7570955848693848,
    1.7488674592971802,
    1.5176705646514892,
    1.9140486669540406,
    2.0294047164916993,
    1.800215744972229,
    1.174036464691162,
    1.2848464679718017,
    3.5598097801208497,
    1.311457302570343,
    1.127125940322876,
    2.488367187976837,
    1.643597903251648,
    1.5126260137557983,
    1.087651264667511,
    1.4567894697189332,
    0.992210500240326,
    0.7675518131256104,
    1.790986795425415,
    1.1037612819671632,
    1.01560489654541,
    1.6194861936569214,
    1.0101008796691895,
    0.9670373916625976,
    0.8533260273933411,
    0.6565545892715454,
    0.899566969871521,
    0.7574953413009644,
    0.720626015663147,
    0.9578123188018799,
    0.9355987453460693,
    1.2893060088157653,
    0.7721233439445495,
    0.7778049755096436,
    0.8249256134033203,
    3.0702715039253237,
    1.5306255054473876,
    1.0022386288642884,
    0.991993510723114,
    0.9183282613754272,
    0.8601972651481629,
    0.8369149112701416,
    0.7485646820068359,
    0.7894878888130188,
    1.0547943377494813,
    0.8020824313163757
  ],
  "val_score": [
    0.5,
    0.5,
    0.505,
    0.52,
    0.6,
    0.58,
    0.62,
    0.625,
    0.685,
    0.675,
    0.68,
    0.71,
    0.705,
    0.705,
    0.73,
    0.755,
    0.745,
    0.72,
    0.76,
    0.775,
    0.755,
    0.675,
    0.79,
    0.77,
    0.725,
    0.7,
    0.775,
    0.77,
    0.76,
    0.805,
    0.785,
    0.74,
    0.795,
    0.795,
    0.755,
    0.76,
    0.78,
    0.8,
    0.81,
    0.78,
    0.815,
    0.79,
    0.8,
    0.81,
    0.8,
    0.8,
    0.795,
    0.795,
    0.725,
    0.735,
    0.795,
    0.79,
    0.79,
    0.775,
    0.79,
    0.81,
    0.81,
    0.785,
    0.81
  ]
}