{
  "train_loss": [
    16.123654537200927,
    5.253590831756592,
    3.0834563779830932,
    2.807931022644043,
    2.5782542991638184,
    2.1831325626373292,
    1.986127119064331,
    1.7233227515220642,
    1.5524727857112885,
    2.2238286566734313,
    1.438060052394867,
    1.0854679548740387,
    1.4961043298244476,
    1.3960186195373536,
    0.9886823034286499,
    1.1552394104003907,
    1.317836753129959,
    1.0681721091270446,
    1.0933058452606201,
    0.9247046208381653,
    0.7236214697360992,
    0.8400661516189575,
    0.8506452560424804,
    0.7923738592863083,
    0.8452959549427033,
    0.6349462521076202,
    0.7452488231658936,
    0.7326502591371536,
    0.6495599329471589,
    0.6535457414388657,
    0.6732419168949128,
    0.9809957355260849,
    0.5584538066387177,
    0.5025849610567092,
    0.4606103807687759,
    0.5245301216840744,
    0.44676193296909333,
    0.4322199845314026,
    0.37509323716163634,
    0.38139463365077975,
    0.33600305259227753,
    0.3368261802196503
  ],
  "val_loss": [
    11.334403839111328,
    6.718081836700439,
    7.277692203521728,
    8.067239112854004,
    6.081281986236572,
    5.234991369247436,
    3.3634867811203004,
    3.7779164123535156,
    10.486015758514405,
    1.785023214817047,
    5.955553340911865,
    6.336372709274292,
    6.7307741069793705,
    2.122534713745117,
    3.8012500286102293,
    1.6959972846508027,
    3.3863147068023682,
    4.417043294906616,
    2.05733092546463,
    4.928590669631958,
    2.2133795690536497,
    1.4719308161735534,
    1.8339848463237285,
    7.185970106124878,
    2.6026236057281493,
    5.739741015434265,
    3.3677521085739137,
    2.3392426490783693,
    2.249988706111908,
    4.19330213546753,
    3.4967685556411743,
    2.3612125849723817,
    3.331713891029358,
    2.2474975848197936,
    2.647750647068024,
    2.7203781843185424,
    2.2968430304527283,
    2.6362477469444277,
    1.5572109144926072,
    2.854642744064331,
    2.9609439218044282,
    2.273505616188049
  ],
  "val_score": [
    0.5,
    0.5,
    0.505,
    0.515,
    0.545,
    0.55,
    0.62,
    0.59,
    0.525,
    0.64,
    0.525,
    0.54,
    0.55,
    0.725,
    0.61,
    0.705,
    0.63,
    0.555,
    0.645,
    0.57,
    0.745,
    0.755,
    0.73,
    0.545,
    0.615,
    0.595,
    0.665,
    0.745,
    0.67,
    0.575,
    0.575,
    0.7,
    0.625,
    0.705,
    0.69,
    0.685,
    0.675,
    0.69,
    0.76,
    0.635,
    0.68,
    0.765
  ]
}