{
  "train_loss": [
    0.2861341115342372,
    0.2211663479689193,
    0.19454693161604458,
    0.17446108220692502,
    0.16730075283458662,
    0.1579706340691702,
    0.15530061407697998,
    0.15075936103224652,
    0.14893526583264594,
    0.14617567349920838,
    0.1441621706027839,
    0.14207875198171402,
    0.14089565023348247,
    0.13999741500838725,
    0.1392178898042308,
    0.13826952458952244,
    0.13834899612655865,
    0.1373359697147756,
    0.13661916923536627,
    0.13651205456720916,
    0.13533359931788172,
    0.13503872740262277,
    0.1348708982994303,
    0.13461738825750177,
    0.1348075191940572,
    0.1341108926900123,
    0.13400914345428808,
    0.13328152124473527,
    0.13316241948694976,
    0.1339757241745067,
    0.1323244778140426,
    0.13254101726547424,
    0.132267174539673,
    0.1326669570702168,
    0.13244913230288055,
    0.1329560886363897,
    0.13226971122017314,
    0.13259720349024412,
    0.13194570099415054,
    0.13159790852414718,
    0.13217739044973664,
    0.13112312175401664,
    0.1298187934683107,
    0.1301574829607692,
    0.13081055235918532,
    0.12940529179694077,
    0.12983401374764755,
    0.13080732825913538,
    0.1301389603022778,
    0.12943867480380114,
    0.13093017670366272,
    0.12951278327445806,
    0.13018623122958506,
    0.1298501858694535,
    0.12872116467765024,
    0.1289127996412006,
    0.12809248241033439,
    0.12853501000381912,
    0.1296398727851292,
    0.12677653663172675,
    0.1263416929740079,
    0.12677616079702686,
    0.12637355787332682,
    0.1262730972327953,
    0.12637185071474738,
    0.1255307225796943,
    0.1258228252421658,
    0.12609239190304866
  ],
  "val_loss": [
    0.16510411397024805,
    0.1342164234881154,
    0.1256145245252721,
    0.11482029233047222,
    0.10828717061812762,
    0.11121678933475883,
    0.10035859706473994,
    0.09976002953107879,
    0.09532843864213339,
    0.0939095960583546,
    0.09247777756659503,
    0.10080379718104447,
    0.11343452549969052,
    0.12244139652660285,
    0.09334615094747069,
    0.09108166113937825,
    0.10354701666636476,
    0.09200684380609567,
    0.0919835813589885,
    0.09344565236898864,
    0.0918597181171628,
    0.1079037903334584,
    0.10699948129929564,
    0.09411324687535792,
    0.09385679094693739,
    0.09034759940843555,
    0.08523566004838962,
    0.09566639387631848,
    0.09380285600515038,
    0.08202571637290848,
    0.08990179469055817,
    0.08163622499541183,
    0.09061433424153759,
    0.08240641789352796,
    0.08263920873780335,
    0.08473537587002554,
    0.08159728357991815,
    0.09735848339455219,
    0.08107762715745054,
    0.09878928305338022,
    0.09320149736136103,
    0.08231335224521702,
    0.08702185998360316,
    0.08339347513136697,
    0.08093061622430554,
    0.08766647840564976,
    0.08536448909131433,
    0.0788507346523966,
    0.09417192680535237,
    0.09391007358477756,
    0.09023159473940617,
    0.09584301679650784,
    0.0922346527235564,
    0.0855144712405536,
    0.081745854293832,
    0.08462603127734666,
    0.08109776190317462,
    0.09024588270020034,
    0.08326997729088526,
    0.0839650980188968,
    0.0836533812954098,
    0.08948181627769772,
    0.08452903464981784,
    0.1026094922328985,
    0.08930871671361411,
    0.08521017731331994,
    0.0865878793665695,
    0.08570824456490611
  ],
  "val_score": [
    0.33727402998236333,
    0.4256258573388203,
    0.678412208504801,
    0.6560907799333724,
    0.6867957573976092,
    0.7215547227121301,
    0.7138049921614736,
    0.7365428424456202,
    0.7343137615128356,
    0.7627682245737801,
    0.6790429649225945,
    0.8020710856359005,
    0.7622476974328827,
    0.7469411375661376,
    0.7144173770331177,
    0.7188326719576719,
    0.7708164927493631,
    0.7890609690378207,
    0.7770827209484616,
    0.7953685332157554,
    0.7883812218302959,
    0.7473361258083481,
    0.7939110572212426,
    0.7866298010973938,
    0.7653524887321184,
    0.773674799137762,
    0.7969913531256124,
    0.7742779982363316,
    0.7709129433666471,
    0.794988854595336,
    0.7910894939251422,
    0.8007253698804625,
    0.8020833333333333,
    0.779611870468352,
    0.7982834852047817,
    0.7525077160493827,
    0.7745688810503625,
    0.7940335341955712,
    0.8009871644130903,
    0.7933139819713894,
    0.7794250930825004,
    0.8019486086615715,
    0.7898050166568684,
    0.7941560111699001,
    0.7861858220654517,
    0.7883628502841464,
    0.8069671026846953,
    0.8075549921614735,
    0.7955522486772486,
    0.7831361454046639,
    0.8104240152851263,
    0.7866053057025278,
    0.7883230452674898,
    0.7947622721928278,
    0.7867522780717225,
    0.7844282774838331,
    0.8101178228493043,
    0.8037337105624142,
    0.7689839310209681,
    0.7833412943366648,
    0.7956012394669802,
    0.803050901430531,
    0.8049890995492848,
    0.7905031354105428,
    0.7764305310601607,
    0.7964279590436999,
    0.777128649813835,
    0.7949980403684106
  ]
}