{
  "train_loss": [
    0.2765138225567453,
    0.22520474555513614,
    0.20078263666552906,
    0.18725685143242565,
    0.17615096903710975,
    0.17352422775222812,
    0.16154257734927066,
    0.15832493615079887,
    0.15454959846920477,
    0.14906565159919766,
    0.1477702135904459,
    0.14374335026438984,
    0.14090504212163585,
    0.13992876390725023,
    0.13642165991741062,
    0.1356815825438992,
    0.13372730370189181,
    0.13346910660452424,
    0.13154782602459728,
    0.1299600879282456,
    0.12943326391039428,
    0.1290988183190073,
    0.1264866445678241,
    0.12727158152812257,
    0.1251406521534117,
    0.12556722607926812,
    0.12471496954789904,
    0.12435472439491632,
    0.12328400993329912,
    0.12173249889574479,
    0.12123331806308042,
    0.12084633980995652,
    0.12034937598902506,
    0.1212839267163774,
    0.11889218369186964,
    0.11870095851659287,
    0.11900892106159511,
    0.11561788909830427,
    0.11428518672451508,
    0.11332315598010985,
    0.11361567386624491,
    0.11346897676626508,
    0.11242535032332736,
    0.112987213593327,
    0.11356097727020763,
    0.11156549505136001,
    0.11184751191067635,
    0.11205403014033224,
    0.11225439152433757,
    0.11124302091172704,
    0.11153957672834519,
    0.11017789271602148,
    0.11114419189988498,
    0.10942181411948639,
    0.1105034040709871,
    0.11058073561809113,
    0.11042998441500974,
    0.10972162883066702,
    0.11012303952746709,
    0.10893128408901313,
    0.1089699079748597,
    0.11028247965151981,
    0.10645449818791178,
    0.1051327887539704,
    0.1072918811774443,
    0.10495046392661872,
    0.10622017502636175,
    0.10581903576894823,
    0.10553291754425206,
    0.10521691581960123,
    0.10490702636738537,
    0.1044873517609118,
    0.10485940649385352,
    0.10529158869102946,
    0.10365436859500216,
    0.10555692111962849,
    0.10263120941851729,
    0.10323329913532076,
    0.10435210322945189,
    0.10430783096619722,
    0.1025574688005758,
    0.10283709965176487,
    0.10109629672643311,
    0.10185253151664228,
    0.10206078677958054,
    0.10190801810741439,
    0.10155711644763782,
    0.10169164819977432,
    0.10091554475803567
  ],
  "val_loss": [
    0.181100225560195,
    0.14021536488056097,
    0.12279663795599415,
    0.16155782010820177,
    0.1310608662195493,
    0.11831390083904013,
    0.10739720087981183,
    0.10966250840112578,
    0.10238077934607664,
    0.11220004377284791,
    0.09448513111025783,
    0.10789706455731578,
    0.09820273966924055,
    0.1030039358929383,
    0.10813720905059646,
    0.09893232518967822,
    0.09842690443604235,
    0.1156216989378446,
    0.08520283720664609,
    0.08513570698320054,
    0.09504444990918465,
    0.08595041059720206,
    0.09734529580100339,
    0.08689145412166537,
    0.08791000571114584,
    0.07732934512129136,
    0.07920071816648369,
    0.08032460865235636,
    0.080418681710915,
    0.08772480073336257,
    0.08300796701033243,
    0.08150772120438583,
    0.07861805370803437,
    0.07972423960050577,
    0.07857229930968897,
    0.07985702973541163,
    0.08170132543651648,
    0.07979793227401102,
    0.07908917467388146,
    0.08976502314621142,
    0.07945550664935108,
    0.07987591146982603,
    0.07649343274262028,
    0.07651328710250876,
    0.08039805227055069,
    0.08524738409308051,
    0.07655122052355531,
    0.08238841795742714,
    0.07799965046018312,
    0.07734146046411693,
    0.07585385942787708,
    0.07827655042218461,
    0.08325114967122606,
    0.08295567890952067,
    0.0758862167312869,
    0.0839382545112723,
    0.07636232506923075,
    0.0788261686666166,
    0.08127759823767179,
    0.07684589562602043,
    0.07872545492984563,
    0.0769417208524087,
    0.07697340307851001,
    0.08242620451707794,
    0.079764457044993,
    0.07831367387155778,
    0.08288429135539556,
    0.07899573189947992,
    0.07533352559945486,
    0.08092741913542807,
    0.08263168519160376,
    0.07954842673712893,
    0.0805581946672277,
    0.0753877721156281,
    0.08694504146705774,
    0.07682488424263745,
    0.08027465555725409,
    0.08441761599474584,
    0.08104965732216204,
    0.07970708367022362,
    0.0777909672539885,
    0.08059065445982248,
    0.08041662159277348,
    0.07886951354552135,
    0.08034083966474637,
    0.08065167886861449,
    0.07629877217489851,
    0.08080539342768647,
    0.0781686485684102
  ],
  "val_score": [
    0.4645612874779541,
    0.6486472418185381,
    0.6402820644718793,
    0.5845519792279051,
    0.5943348275524202,
    0.6142373358808544,
    0.6403004360180287,
    0.6368129041740153,
    0.6590700323339211,
    0.6892575445816187,
    0.713073192239859,
    0.6958529296492258,
    0.6707849549284735,
    0.701251102292769,
    0.713060944542426,
    0.7001702429943172,
    0.6916029786400156,
    0.7060185185185184,
    0.7096805800509504,
    0.6918111894963747,
    0.7220293209876543,
    0.6930359592396629,
    0.7612893151087596,
    0.7017808152067412,
    0.683351092494611,
    0.7533956741132667,
    0.7563351214971585,
    0.7688951352145796,
    0.7447304281795023,
    0.7201600161669607,
    0.7750159220066627,
    0.7788188320595727,
    0.7482700127376054,
    0.6981248775230255,
    0.7636745541838134,
    0.8100443366647071,
    0.748781354105428,
    0.7882832402508329,
    0.7832708700764256,
    0.8022792964922594,
    0.7576517489711935,
    0.7697524740348813,
    0.7842323143249068,
    0.7748322065451695,
    0.7404376102292769,
    0.8198516803840878,
    0.7719754311189496,
    0.7232112237899275,
    0.7531507201646089,
    0.8072120566333529,
    0.7760294189692337,
    0.7952736135606506,
    0.7907787086027827,
    0.7669079463060944,
    0.7911277679796198,
    0.7867400303742896,
    0.7840179796198314,
    0.7692656280619244,
    0.776004923574368,
    0.7607565402704292,
    0.7776430531060161,
    0.7774164707035077,
    0.7916237997256514,
    0.7763172398589067,
    0.7988162600431118,
    0.7717978395061729,
    0.7835862482853223,
    0.7838801930237115,
    0.795947236919459,
    0.763947065451695,
    0.7777961493239272,
    0.7771470213599844,
    0.78433029590437,
    0.7906990985694689,
    0.8041164511071919,
    0.7889691113070744,
    0.7753190525181267,
    0.7770061728395061,
    0.7913819077013521,
    0.8045083774250441,
    0.7908276993925141,
    0.815690525181266,
    0.7904939496374681,
    0.7891987556339407,
    0.7742075739760924,
    0.7965106310013718,
    0.792922055653537,
    0.8053167254556144,
    0.7986294826572604
  ]
}