{
  "train_loss": [
    0.6579719066619873,
    0.6210684156417847,
    0.593665533065796,
    0.5848253297805787,
    0.5751388835906982,
    0.575593820810318,
    0.553253037929535,
    0.5641799902915955,
    0.5610965061187744,
    0.5442789566516876,
    0.5450045430660247,
    0.5477510893344879,
    0.5277266728878022,
    0.5379505753517151,
    0.5336939179897309,
    0.5209347188472748,
    0.5120821332931519,
    0.5081602358818054,
    0.5120392119884491,
    0.5001637578010559,
    0.5071802973747254,
    0.5075067687034607,
    0.49002169728279116,
    0.5036987638473511,
    0.47107998609542845,
    0.4754276406764984,
    0.4870035493373871,
    0.4799617063999176,
    0.4772514939308167,
    0.4924170112609863,
    0.4874874722957611,
    0.47943819999694826,
    0.46403261423110964,
    0.48060138821601867,
    0.4749927139282227,
    0.46153878688812255,
    0.4801878297328949,
    0.46616532683372497,
    0.4797627604007721,
    0.46772203922271727,
    0.463067330121994,
    0.46899338603019713,
    0.4684535002708435,
    0.445102299451828,
    0.460301331281662,
    0.4617586386203766,
    0.42380840063095093,
    0.4438020658493042,
    0.45393945336341857,
    0.43686734676361083
  ],
  "val_loss": [
    0.7414516925811767,
    1.1484544134140016,
    1.1640602922439576,
    0.8667959213256836,
    0.772789900302887,
    0.8958931589126586,
    0.7752594709396362,
    0.7341608428955078,
    0.6647911977767944,
    0.8644033288955688,
    0.9961127758026123,
    0.7455239725112915,
    1.0227001595497132,
    1.0222624015808106,
    0.9780104923248291,
    0.6259070801734924,
    1.1475633239746095,
    1.413462257385254,
    1.2828805685043334,
    0.5986139345169067,
    0.8551424980163574,
    1.4208918952941894,
    1.6707365131378173,
    1.2331787252426147,
    1.0482483100891113,
    1.025545334815979,
    1.0839066123962402,
    0.7822943019866944,
    0.9082166862487793,
    0.5950866222381592,
    1.2435524845123291,
    1.0140945625305176,
    0.9342787075042724,
    0.9191464591026306,
    0.8347573089599609,
    0.863744900226593,
    1.3648633766174316,
    0.6399434542655945,
    1.4015056133270263,
    1.1807756042480468,
    0.6039919567108154,
    1.1726614236831665,
    1.0652387285232543,
    1.031790065765381,
    1.0028746223449707,
    1.217346329689026,
    1.167451696395874,
    1.0561806869506836,
    1.1952723121643067,
    1.3782317161560058
  ],
  "val_score": [
    0.5,
    0.5,
    0.5,
    0.5,
    0.505,
    0.5,
    0.495,
    0.505,
    0.535,
    0.5,
    0.5,
    0.525,
    0.5,
    0.5,
    0.5,
    0.63,
    0.5,
    0.5,
    0.5,
    0.655,
    0.54,
    0.5,
    0.5,
    0.5,
    0.535,
    0.53,
    0.53,
    0.59,
    0.555,
    0.65,
    0.52,
    0.545,
    0.57,
    0.565,
    0.56,
    0.575,
    0.51,
    0.615,
    0.505,
    0.525,
    0.67,
    0.535,
    0.54,
    0.535,
    0.535,
    0.525,
    0.525,
    0.525,
    0.52,
    0.52
  ]
}