{
  "train_loss": [
    1.5951552172479533,
    0.7882130296211544,
    0.6991505443178226,
    0.6842926162032094,
    0.6836115552952641,
    0.6765969736905951,
    0.6751734802103418,
    0.6727503644736197,
    0.6717672773769924,
    0.6759774494492967,
    0.670687497466702,
    0.6680201600453448,
    0.6704353240933542,
    0.6714188595992776,
    0.6721975760465264,
    0.6632068717707665,
    0.6616528898444031,
    0.6652798349597189,
    0.6625547411069023,
    0.6604427044919962,
    0.6624341432101547,
    0.6627679613363354,
    0.6590253087211111,
    0.6579409110934984,
    0.6581853944619676,
    0.6615723337311846,
    0.6584741227806487,
    0.6602143904757848,
    0.6598413756915501,
    0.6602034956987851,
    0.6585374805736863,
    0.6575707190484646,
    0.6562236661449729,
    0.6572843744462467,
    0.6558264569705196,
    0.6554991572056096,
    0.6565766915829834,
    0.6549035321472735,
    0.6571314430075904,
    0.6546056589742345,
    0.6548154283025803,
    0.6541717165098415,
    0.6579315953367338,
    0.6586567361255599,
    0.6546008665328353,
    0.6556980111735744,
    0.6554587420382033,
    0.6537074983052917,
    0.6536706092655323,
    0.6545045099590975,
    0.6553947827679234,
    0.6545887144263604,
    0.6545594795884646,
    0.6522088063581185,
    0.6601066747586022,
    0.6559112515170609,
    0.6580371939157071,
    0.6553596920586277,
    0.6533045959150832,
    0.6536031789801118,
    0.6550752583585252,
    0.6546506809973743,
    0.6555801173431131,
    0.653730287125462,
    0.659447542862093,
    0.6535833427688804,
    0.6540060076187915,
    0.6530657227583757,
    0.6533836574870905,
    0.6551958960810984,
    0.6587008558322662,
    0.6600928906648849,
    0.6532544243590502,
    0.6541220532359369,
    0.6563170414807692,
    0.6531950830072332,
    0.6541924572500523,
    0.6560334018834932,
    0.6537397219574224,
    0.6556528910609011,
    0.6566016275783492,
    0.6562448459749683,
    0.6564203375370081,
    0.6535906329734253,
    0.6534019937263162,
    0.6530739781022474,
    0.6530213292994033,
    0.6533519873066613,
    0.6533164320968268,
    0.6537091228503344,
    0.6527586879692678,
    0.6536948348995805
  ],
  "val_loss": [
    1.0334043843405587,
    0.747055607182639,
    0.686668975012643,
    0.6826673746109009,
    0.6910884380340576,
    0.6735151154654366,
    0.6701400450297764,
    0.6663991553442818,
    0.663858311516898,
    0.668295008795602,
    0.6594571045466832,
    0.6573005318641663,
    0.663418105670384,
    0.6540168012891497,
    0.6629463349069867,
    0.6569556849343436,
    0.6647253121648516,
    0.6493414895875114,
    0.6473147358213153,
    0.6494132876396179,
    0.6463041986737933,
    0.6475431748798915,
    0.6435093879699707,
    0.6431997333254132,
    0.6422471148627145,
    0.6463943890162877,
    0.640577861240932,
    0.6407579524176461,
    0.63894065788814,
    0.640638930456979,
    0.6374867558479309,
    0.6424132415226528,
    0.6397165400641305,
    0.6384949513844081,
    0.6358900921685355,
    0.6374818512371608,
    0.6380399891308376,
    0.6396023205348423,
    0.6348964486803327,
    0.6341225760323661,
    0.6336362021309989,
    0.6332291534968785,
    0.6445927619934082,
    0.6331158876419067,
    0.6340609618595668,
    0.6335955262184143,
    0.6351783531052726,
    0.6319038953099932,
    0.6344501801899501,
    0.6319308536393302,
    0.633411875792912,
    0.6318832124982562,
    0.6354297569819859,
    0.6331654957362584,
    0.6363691346985954,
    0.6338269880839756,
    0.636236948626382,
    0.6312296901430402,
    0.6306468078068325,
    0.630901541028704,
    0.6318211725779942,
    0.631920405796596,
    0.6312579597745623,
    0.6318303857530866,
    0.6305745073727199,
    0.6303098201751709,
    0.6346908978053502,
    0.6311602677617755,
    0.6339169996125358,
    0.6316348995481219,
    0.6325477361679077,
    0.6299367802483695,
    0.6301122222627912,
    0.6301815169198173,
    0.6305155328341893,
    0.6307441932814462,
    0.6321428333009992,
    0.6305175253323146,
    0.6301049590110779,
    0.633707582950592,
    0.6328424896512713,
    0.6307785085269383,
    0.6308366486004421,
    0.6323572226933071,
    0.6305278624807086,
    0.6305250440325055,
    0.6306794200624738,
    0.6306708029338292,
    0.6305078778948102,
    0.6301770806312561,
    0.6313836319105965,
    0.6307819315365383
  ],
  "val_score": [
    0.4017857142857143,
    0.5982142857142857,
    0.5982142857142857,
    0.5982142857142857,
    0.5982142857142857,
    0.6071428571428571,
    0.6071428571428571,
    0.6071428571428571,
    0.6071428571428571,
    0.6071428571428571,
    0.6160714285714286,
    0.625,
    0.6071428571428571,
    0.625,
    0.6071428571428571,
    0.7053571428571429,
    0.6071428571428571,
    0.6607142857142857,
    0.6428571428571429,
    0.6160714285714286,
    0.6964285714285714,
    0.6160714285714286,
    0.6875,
    0.6517857142857143,
    0.6964285714285714,
    0.625,
    0.6964285714285714,
    0.6428571428571429,
    0.6875,
    0.6517857142857143,
    0.6875,
    0.6517857142857143,
    0.6785714285714286,
    0.6607142857142857,
    0.7053571428571429,
    0.6785714285714286,
    0.6964285714285714,
    0.6428571428571429,
    0.6964285714285714,
    0.6785714285714286,
    0.6875,
    0.7142857142857143,
    0.6517857142857143,
    0.6875,
    0.6696428571428571,
    0.6785714285714286,
    0.6785714285714286,
    0.6964285714285714,
    0.6696428571428571,
    0.6964285714285714,
    0.6785714285714286,
    0.6964285714285714,
    0.6785714285714286,
    0.6875,
    0.6785714285714286,
    0.6964285714285714,
    0.6785714285714286,
    0.6785714285714286,
    0.7053571428571429,
    0.6964285714285714,
    0.6964285714285714,
    0.6964285714285714,
    0.6964285714285714,
    0.6875,
    0.6964285714285714,
    0.6875,
    0.6696428571428571,
    0.6964285714285714,
    0.6696428571428571,
    0.7053571428571429,
    0.6875,
    0.6964285714285714,
    0.6964285714285714,
    0.6964285714285714,
    0.6964285714285714,
    0.6964285714285714,
    0.6875,
    0.6875,
    0.6964285714285714,
    0.6696428571428571,
    0.6964285714285714,
    0.7053571428571429,
    0.6964285714285714,
    0.6964285714285714,
    0.6875,
    0.6875,
    0.6875,
    0.7053571428571429,
    0.6964285714285714,
    0.6875,
    0.7053571428571429,
    0.7053571428571429
  ]
}