{
  "train_loss": [
    0.7303822141128128,
    0.7075915698661848,
    0.7195642504702805,
    0.6997024756851025,
    0.6821482281448871,
    0.6918243227444832,
    0.689639226121763,
    0.6798176585085883,
    0.6697649940328737,
    0.6695872958921341,
    0.6621403225495389,
    0.6637002490502777,
    0.6633073145814902,
    0.6565234913868899,
    0.6556508981604946,
    0.6589284958935964,
    0.6525118011725632,
    0.6509941554847263,
    0.6537754493435537,
    0.6424894550117518,
    0.6381022506409206,
    0.6395019080963392,
    0.6392065802897056,
    0.6326756514231722,
    0.6391064891396814,
    0.6373728260951047,
    0.6363856180982729,
    0.6315148435910185,
    0.6224855588847527,
    0.6103308288667548,
    0.6176421111962926,
    0.6191240414993835,
    0.6153702495202708,
    0.6129699120103174,
    0.608613982444673,
    0.6092845806925316,
    0.6095952059072102,
    0.6100515200263067,
    0.6015177025167424,
    0.599013927146474,
    0.6135850031142562,
    0.5962178977992054,
    0.5826687889909047,
    0.603010481468604,
    0.5870155417878931,
    0.5910135009425563,
    0.5720017396156646,
    0.5800766497012333,
    0.5776238516559751,
    0.5944557614347932,
    0.5765770890313139,
    0.5799155008672193,
    0.5665906081049461,
    0.5732330096585946,
    0.5670942678226261,
    0.5701024311063528,
    0.5706220579630076,
    0.5683423774851186,
    0.5808978569521008,
    0.5747296088726099,
    0.5729823607293506,
    0.5617975300624213,
    0.5611641172348983,
    0.5502293211805003,
    0.5610551095250219,
    0.5830783811811655,
    0.5614697538961576,
    0.5601115537172495,
    0.5686926938283295,
    0.5583329591627733,
    0.572527482954804,
    0.5877847608484755,
    0.5615687166477885,
    0.5644305092947823,
    0.5729983160680807,
    0.5447660554514693,
    0.555000498471834,
    0.5812549246443672,
    0.5642646435811629,
    0.5614517928510737,
    0.5519590487764442,
    0.5616535261792998,
    0.5474793283421759,
    0.542680711191068,
    0.5485069648487362,
    0.5655946598144163,
    0.5570620197144885,
    0.5609089321172948,
    0.5631524628809789,
    0.559618550425037,
    0.5522283333761218,
    0.5490724868795869,
    0.5514370607981129,
    0.5425510451415526,
    0.5685965750362258,
    0.5668212357736679,
    0.5566440383548543
  ],
  "val_loss": [
    0.7017405118261065,
    0.7003837142671857,
    0.7057012660162789,
    0.710814893245697,
    0.7013383678027562,
    0.6974555594580514,
    0.6809224826948983,
    0.6833609683173043,
    0.6703274250030518,
    0.6755220890045166,
    0.6743449824196952,
    0.7240629962512425,
    0.6912187252725873,
    0.6822415845734733,
    0.6555424162319728,
    0.6690126316887992,
    0.6451170444488525,
    0.6544802188873291,
    0.6949547188622611,
    0.6478056737354824,
    0.700756311416626,
    0.6572533079556057,
    0.6586238401276725,
    0.6442455053329468,
    0.6493057012557983,
    0.6542219775063651,
    0.675176773752485,
    0.6235271947724479,
    0.6266799994877407,
    0.6179807952472142,
    0.6167467747415815,
    0.6263570615223476,
    0.6332993166787284,
    0.6306034752300808,
    0.627049377986363,
    0.6208404643195016,
    0.6255480987685067,
    0.5939224021775382,
    0.607440207685743,
    0.6099065967968532,
    0.6002167803900582,
    0.600336628300803,
    0.5967784098216465,
    0.6010069847106934,
    0.587040194443294,
    0.5889869928359985,
    0.5802965760231018,
    0.589279294013977,
    0.5955967732838222,
    0.5998712778091431,
    0.588735180241721,
    0.5883373703275409,
    0.5708130938666207,
    0.5773511614118304,
    0.5751537680625916,
    0.5865643194743565,
    0.5734748329435077,
    0.5916025127683368,
    0.5810446483748299,
    0.6166299751826695,
    0.5626305171421596,
    0.5588589480945042,
    0.5692449126924787,
    0.5889548148427691,
    0.5925307955060687,
    0.5836590869086129,
    0.5818198493548802,
    0.5759528194155011,
    0.5709178277424404,
    0.586558290890285,
    0.5781056710651943,
    0.576380329472678,
    0.5637033666883197,
    0.562354496547154,
    0.5593516911779132,
    0.5534100191933768,
    0.5457729016031537,
    0.550778899874006,
    0.5489666972841535,
    0.5504575967788696,
    0.5489273922783988,
    0.5618158067975726,
    0.5513658097812107,
    0.5501551372664315,
    0.5564842564719064,
    0.5517996209008353,
    0.5556571568761554,
    0.5599867105484009,
    0.5531362891197205,
    0.5633047478539603,
    0.5551739505359105,
    0.5521500366074699,
    0.5502988270350865,
    0.5522019777979169,
    0.5767179727554321,
    0.5804565804345267,
    0.5557338765689305
  ],
  "val_score": [
    0.4017857142857143,
    0.3482142857142857,
    0.3392857142857143,
    0.36607142857142855,
    0.41964285714285715,
    0.41964285714285715,
    0.6875,
    0.6875,
    0.6696428571428571,
    0.6696428571428571,
    0.7142857142857143,
    0.36607142857142855,
    0.5357142857142857,
    0.5982142857142857,
    0.6428571428571429,
    0.6696428571428571,
    0.6696428571428571,
    0.6785714285714286,
    0.5357142857142857,
    0.6875,
    0.44642857142857145,
    0.6785714285714286,
    0.6875,
    0.6875,
    0.6696428571428571,
    0.6607142857142857,
    0.625,
    0.6785714285714286,
    0.7232142857142857,
    0.6696428571428571,
    0.6785714285714286,
    0.6607142857142857,
    0.6607142857142857,
    0.6517857142857143,
    0.6785714285714286,
    0.6696428571428571,
    0.6964285714285714,
    0.6964285714285714,
    0.7053571428571429,
    0.6696428571428571,
    0.6875,
    0.6875,
    0.6875,
    0.7053571428571429,
    0.6875,
    0.7053571428571429,
    0.6785714285714286,
    0.6875,
    0.6875,
    0.6875,
    0.7053571428571429,
    0.6964285714285714,
    0.7232142857142857,
    0.6785714285714286,
    0.7232142857142857,
    0.7053571428571429,
    0.7232142857142857,
    0.6964285714285714,
    0.6964285714285714,
    0.6607142857142857,
    0.7321428571428571,
    0.7053571428571429,
    0.7053571428571429,
    0.7053571428571429,
    0.7053571428571429,
    0.7053571428571429,
    0.6964285714285714,
    0.6875,
    0.7321428571428571,
    0.7232142857142857,
    0.7053571428571429,
    0.6875,
    0.7142857142857143,
    0.7321428571428571,
    0.75,
    0.7321428571428571,
    0.7410714285714286,
    0.7232142857142857,
    0.7232142857142857,
    0.7142857142857143,
    0.7053571428571429,
    0.7321428571428571,
    0.7053571428571429,
    0.6964285714285714,
    0.75,
    0.7321428571428571,
    0.7232142857142857,
    0.7410714285714286,
    0.7232142857142857,
    0.7321428571428571,
    0.7232142857142857,
    0.7142857142857143,
    0.7142857142857143,
    0.7142857142857143,
    0.7142857142857143,
    0.7142857142857143,
    0.7053571428571429
  ]
}