{
  "train_loss": [
    1.2668816823390794,
    1.0455626664333322,
    0.9971933304526004,
    0.8979887472228875,
    0.8342994236972925,
    0.8168920081431471,
    0.8378914497432344,
    0.7821689765016193,
    0.7768386723756522,
    0.7937995260424233,
    0.8704554122800365,
    0.7592255817757683,
    0.8046590644275378,
    0.6732440955593294,
    0.6715963788590361,
    0.6891888232547602,
    0.7126573613845859,
    0.7047490795363993,
    0.6446652317208031,
    0.671502740833703,
    0.6514234750021429,
    0.6500833685540242,
    0.6642575948525333,
    0.6750890914983503,
    0.623475522104613,
    0.6310539440041318,
    0.6098935992296689,
    0.6283759688633768,
    0.6267931425128932,
    0.5809148630489783,
    0.5795017207969563,
    0.5891591950798464,
    0.5835756864671096,
    0.5937635716893139,
    0.6371242833083874,
    0.6209169804580569,
    0.5935928405873284
  ],
  "val_loss": [
    0.9068252784865243,
    0.658633896282741,
    1.3203613928386144,
    2.2589055810655867,
    2.155167579650879,
    0.9499164649418422,
    0.8920866932187762,
    0.9341544083186558,
    0.9605195948055812,
    1.1661132744380407,
    1.0935498986925398,
    0.5792544909885952,
    0.7563322356769017,
    0.6050974811826434,
    0.8142440063612801,
    0.6913304328918457,
    0.5394849266324725,
    0.847011855670384,
    0.7013605151857648,
    0.8808011412620544,
    0.7215702533721924,
    0.8912970679146903,
    0.6147256578717913,
    0.588167096887316,
    0.7999906284468514,
    0.6690170424325126,
    0.588496276310512,
    0.5765882475035531,
    0.7642028331756592,
    0.6875073654311044,
    0.7550320625305176,
    0.5694682853562492,
    0.5718092662947518,
    0.610284583909171,
    0.6677323154040745,
    0.7115232348442078,
    0.785007221358163
  ],
  "val_score": [
    0.5892857142857143,
    0.6607142857142857,
    0.42857142857142855,
    0.41964285714285715,
    0.4107142857142857,
    0.4375,
    0.5178571428571429,
    0.48214285714285715,
    0.4375,
    0.41964285714285715,
    0.4017857142857143,
    0.7321428571428571,
    0.44642857142857145,
    0.6428571428571429,
    0.44642857142857145,
    0.5803571428571429,
    0.7142857142857143,
    0.48214285714285715,
    0.6071428571428571,
    0.4732142857142857,
    0.45535714285714285,
    0.39285714285714285,
    0.7142857142857143,
    0.7321428571428571,
    0.4642857142857143,
    0.5803571428571429,
    0.7321428571428571,
    0.7321428571428571,
    0.5535714285714286,
    0.5625,
    0.5178571428571429,
    0.75,
    0.75,
    0.7321428571428571,
    0.5892857142857143,
    0.5267857142857143,
    0.48214285714285715
  ]
}