{
  "train_loss": [
    0.6756079936027527,
    0.6219583201408386,
    0.5285275948047637,
    0.458508574962616,
    0.4222575080394745,
    0.3905123484134674,
    0.38342145800590516,
    0.36712512135505676,
    0.3424143755435944,
    0.3410469126701355,
    0.33159903168678284,
    0.33888178765773774,
    0.31339605689048766,
    0.29852414965629576,
    0.2985753017663956,
    0.2853382641077042,
    0.28794837951660157,
    0.29719930052757265,
    0.2740516829490662,
    0.26214708507061,
    0.27454907655715943
  ],
  "val_loss": [
    0.7436754655838013,
    1.084668836593628,
    1.497296814918518,
    0.9113990974426269,
    1.2583046531677247,
    1.4360526132583618,
    1.35780788898468,
    2.293055019378662,
    1.7969594383239746,
    1.7291232013702393,
    2.1775203704833985,
    2.294342861175537,
    1.9368231391906738,
    1.9682842922210693,
    1.9973591995239257,
    2.014248266220093,
    1.933152256011963,
    2.343499402999878,
    2.6288646697998046,
    2.0771858406066896,
    2.0034882259368896
  ],
  "val_score": [
    0.5,
    0.5,
    0.5,
    0.555,
    0.515,
    0.505,
    0.435,
    0.5,
    0.485,
    0.5,
    0.505,
    0.505,
    0.495,
    0.505,
    0.505,
    0.505,
    0.5,
    0.5,
    0.505,
    0.515,
    0.495
  ]
}