{
  "train_loss": [
    0.20278732510911038,
    0.16251898342336746,
    0.16039981245940219,
    0.15928047205028262,
    0.1566517616252378,
    0.1545996029565267,
    0.15197027552440254,
    0.15118373916470687,
    0.15146889033247293,
    0.15154616438047813,
    0.15096371195832659,
    0.14892797414885423,
    0.14922289064831185,
    0.14843297235864494,
    0.14879440429399454,
    0.1484934606291221,
    0.14799165661213756,
    0.14785927541531102,
    0.14691542701001464,
    0.1472025765592676,
    0.1469637202241349,
    0.1462557365104621,
    0.14660136705725113,
    0.14756141593447952,
    0.14692615861963274,
    0.14508083418799952,
    0.14635368135707444,
    0.1461700206197709,
    0.1461806596438494,
    0.14604919929103669,
    0.14559809224648532,
    0.14505037139064145,
    0.14637509133617047,
    0.14465294044158775,
    0.14431407872587101,
    0.1448525696923126,
    0.14535573270122173,
    0.14443436224320527,
    0.14442287074269894,
    0.14420192357847803,
    0.14384415821370983,
    0.14414303919663274,
    0.14384953722265809,
    0.14335844924444777,
    0.14443256341526464,
    0.14341663109203545,
    0.14398585155433938,
    0.14358813442501112,
    0.1433682164967002,
    0.14351231533515318,
    0.14289663378652567,
    0.144416612410685,
    0.1430065903901757,
    0.1429959303464742,
    0.14288486016890528,
    0.14348638041783326,
    0.1434321150021536,
    0.1433756148440871,
    0.14226058943913916,
    0.14137387263761647,
    0.1415536820623341,
    0.1407054372953628,
    0.14173753678387435,
    0.14203909537606768,
    0.14128427185786918
  ],
  "val_loss": [
    0.10414309980478631,
    0.10385952377284284,
    0.09922091467697748,
    0.09743447759076174,
    0.09428549809877255,
    0.09182583616578663,
    0.0918633558427602,
    0.09179771369594403,
    0.09138721341994986,
    0.09008578943582729,
    0.09102457206820358,
    0.0904007488974897,
    0.08919716652355039,
    0.0895328476819883,
    0.09001576920680081,
    0.08982278081483608,
    0.09135412711966234,
    0.08951670695173242,
    0.08910994740995995,
    0.08932857941985566,
    0.08906120283824885,
    0.08827982176436709,
    0.0894011023743977,
    0.08710159560873354,
    0.08800536937968172,
    0.08822613040022888,
    0.08866082558373509,
    0.08879531768811588,
    0.08727142389559403,
    0.08626151482042296,
    0.08852190540122118,
    0.08644789035338976,
    0.09041305467008154,
    0.0869764322039114,
    0.08769158055834199,
    0.08666704633084565,
    0.0874018838394541,
    0.08632191196251583,
    0.08619550559416127,
    0.0883541999295546,
    0.08742039278511898,
    0.08743756926971075,
    0.08754435676602212,
    0.08722468875298753,
    0.0845455860471366,
    0.08614211609243347,
    0.08691424193911829,
    0.08880825356484988,
    0.08751570471260608,
    0.08582596589738462,
    0.08616160311836477,
    0.08704407427187329,
    0.08658327225667266,
    0.08814361470883023,
    0.0878976919393241,
    0.08539758310054352,
    0.08611592123818868,
    0.08612444097302545,
    0.08741256850505547,
    0.08948326658900423,
    0.08665056597036572,
    0.08696953247038844,
    0.0884266828911172,
    0.08731891295616533,
    0.08765977066224896
  ],
  "val_score": [
    0.6611307074270037,
    0.6690320032333922,
    0.7011515897511269,
    0.6522189765824026,
    0.6886742479913777,
    0.6828152557319224,
    0.7020640432098765,
    0.7103404247501469,
    0.7002284195571232,
    0.7064180996472663,
    0.6949741573584165,
    0.7124317190868117,
    0.7117381932196747,
    0.7055883181461886,
    0.6892008989809916,
    0.6995287698412698,
    0.6970088060944544,
    0.7080577601410935,
    0.713074723202038,
    0.7160754090730942,
    0.7150986552028219,
    0.7284777336860672,
    0.6957564790319419,
    0.7384060234175975,
    0.7204600847540662,
    0.7254770478150108,
    0.7211291152263374,
    0.7053326474622771,
    0.7259501151283558,
    0.7380232828728199,
    0.7286201131687242,
    0.7417894498334312,
    0.7016078164805016,
    0.7363331006270821,
    0.7234240275328236,
    0.7374262076229668,
    0.7222421247305506,
    0.7405554943170685,
    0.7309349279835391,
    0.7264951376641192,
    0.7284333357828726,
    0.7251417670977856,
    0.7341591343327454,
    0.7268931878306879,
    0.7604518787967862,
    0.7430111576523613,
    0.7409290490887712,
    0.7171118704683519,
    0.7439955663335293,
    0.7506766852831667,
    0.7305613732118362,
    0.724939680090143,
    0.7350777116402116,
    0.7307711150303743,
    0.7221426121889084,
    0.7494197653341172,
    0.7322178742896335,
    0.740371778855575,
    0.7349001200274349,
    0.7248172031158142,
    0.7292156574563982,
    0.7365413114834412,
    0.722747342249657,
    0.7226187414266118,
    0.7244375244953949
  ]
}