{
  "train_loss": [
    0.1977620660625304,
    0.15753879327861334,
    0.1541939178630422,
    0.1515312086417037,
    0.14862819531175153,
    0.14873321590932273,
    0.14732021148617774,
    0.1461979502738487,
    0.14595008630130366,
    0.1447347150104134,
    0.1441139058354292,
    0.14253644958038372,
    0.14280412694672143,
    0.14216856166825917,
    0.14189084947031322,
    0.14178801742683958,
    0.14226024949640712,
    0.1407980128286211,
    0.14097904648120815,
    0.14125269819362968,
    0.13953966939133589,
    0.14025567275463804,
    0.13928191575467222,
    0.13914133047600163,
    0.1390567099712505,
    0.13813085617046184,
    0.13940954767456298,
    0.13769019903356222,
    0.1373915859555235,
    0.1378684415236876,
    0.13870653571428898,
    0.1371387475235046,
    0.1386562305715489,
    0.13809745833728346,
    0.13849471854629958,
    0.1371602697152377,
    0.13726421624818597,
    0.13771652442377294,
    0.13655758606627924,
    0.137093211625442,
    0.1373784562521262,
    0.13711477833723051,
    0.13634968240553758,
    0.13644487585153758,
    0.1361677232461246,
    0.1364454966772631,
    0.13639953780974456,
    0.13466270413573675,
    0.13547524894350174,
    0.1330137866805116,
    0.13623881309246022,
    0.13405912762563787,
    0.132822626833065,
    0.1338855866504132,
    0.13286284416164876,
    0.1336194125943418,
    0.13365067392110974,
    0.13257632961983645,
    0.13359421442527583,
    0.13283078772533063,
    0.13276683289627556,
    0.13316139228913054,
    0.13270025456784545,
    0.13344361031440605,
    0.13215709765622624,
    0.13282854943077793,
    0.1330405467406877,
    0.13238533303874853,
    0.13166731491829617,
    0.1321380911205015,
    0.13139008221331058,
    0.13167872041878717,
    0.13190702908210963,
    0.13121439208724694,
    0.13114808510196022,
    0.13089864475234825,
    0.13068698886018212
  ],
  "val_loss": [
    0.14675373251083673,
    0.11513302481373006,
    0.10289684645224742,
    0.09802001807634887,
    0.09873559270547728,
    0.10131016218572413,
    0.08768957151009919,
    0.0882674958860312,
    0.08750918265472878,
    0.09471153776387127,
    0.09619039328985773,
    0.09664279264514533,
    0.08761164749984524,
    0.08748065182110877,
    0.09731210884156959,
    0.09471304944193105,
    0.08340257535211483,
    0.08571682522857302,
    0.08928946961680237,
    0.08598514771283237,
    0.08669795794423815,
    0.08784714012653352,
    0.08309849427726301,
    0.08539388903932736,
    0.08704041199721967,
    0.0864942457020616,
    0.08662053731372256,
    0.08769972990757208,
    0.08611288323813682,
    0.08246785954253215,
    0.08255785197896329,
    0.08282248308456874,
    0.08207906351044118,
    0.08896387397605313,
    0.08524976723682277,
    0.08585923032845542,
    0.08060296304042093,
    0.08350471081970716,
    0.08523582011812683,
    0.08388095550690143,
    0.08302964938728878,
    0.08475756106289987,
    0.08329040079732866,
    0.08390791799330578,
    0.0814759170474861,
    0.08363217249088788,
    0.08507212183313477,
    0.08533574932578877,
    0.08462330549520615,
    0.08622748758521591,
    0.08317147616143937,
    0.08302327298731112,
    0.08370622646071718,
    0.08337577563453961,
    0.08123283018465607,
    0.08497833352062263,
    0.07976315206484205,
    0.0812603436444845,
    0.08183613823490829,
    0.08222877740888969,
    0.08503320757566854,
    0.0842090031775627,
    0.08611708620611606,
    0.08354984609142523,
    0.08619399487595474,
    0.08194878534544074,
    0.08407882539523277,
    0.08074793486939479,
    0.08222804880442192,
    0.08222331759607505,
    0.08319178289004031,
    0.08275041701315153,
    0.08385476333861538,
    0.08223458548155023,
    0.08164895801500859,
    0.0837144178976666,
    0.0822774637250491
  ],
  "val_score": [
    0.6726098618459729,
    0.6956324710954341,
    0.692343964334705,
    0.7105593523417598,
    0.6936575298843817,
    0.7064747452478934,
    0.6936085390946501,
    0.7403947432882619,
    0.730406746031746,
    0.7018879825592788,
    0.7213985645698607,
    0.7509216392318244,
    0.758450911228689,
    0.7505205271408975,
    0.7431627229080933,
    0.754843964334705,
    0.7673672349598275,
    0.7685705712326082,
    0.7602574466000392,
    0.782125710366451,
    0.7261782284930433,
    0.7722295708406819,
    0.7519780031354104,
    0.7420573682147756,
    0.7527496080736822,
    0.7250881834215167,
    0.7478505291005291,
    0.7722203850676072,
    0.7597767244757986,
    0.7669416274740348,
    0.7892844895159709,
    0.7740728493043307,
    0.7796088085439937,
    0.720844356261023,
    0.7226019008426415,
    0.7594766558886928,
    0.7785126396237505,
    0.7605391436409955,
    0.763157088967274,
    0.7369255829903978,
    0.7694646531452088,
    0.7313620664315107,
    0.7392710170487948,
    0.7644216637272194,
    0.7635765726043504,
    0.763849083872232,
    0.7612311385459534,
    0.7520974181853811,
    0.7351496668626298,
    0.747320816186557,
    0.7480464922594552,
    0.7406795022535764,
    0.7448498432294727,
    0.7600278022731727,
    0.7673090583970215,
    0.7654535322359396,
    0.7781941994904957,
    0.7706955467372133,
    0.7799364344503232,
    0.7662037037037037,
    0.7401528512639622,
    0.7600339261218891,
    0.7252933323535176,
    0.7704720262590632,
    0.7466318832059573,
    0.7668558935920047,
    0.7658117773858514,
    0.7883414168136389,
    0.7608667695473249,
    0.7765989368998629,
    0.7731588648834018,
    0.7774195326278659,
    0.7756956692141876,
    0.7786963550852439,
    0.7812101949833431,
    0.7866175533999609,
    0.781139770723104
  ]
}