{
  "train_loss": [
    0.20806738169501662,
    0.15071396966709133,
    0.1467597443428247,
    0.14352897200427142,
    0.1411984893768072,
    0.14073099525844826,
    0.139018397455122,
    0.13740320851143906,
    0.13788928819203705,
    0.13604231661697466,
    0.1353576439801496,
    0.13511278361289508,
    0.13463572294763435,
    0.13312316830013673,
    0.13218686058967857,
    0.13124837075456333,
    0.13216963196151513,
    0.13103030134165786,
    0.1310195315382748,
    0.1313674399884959,
    0.13035617626958668,
    0.13052591760965948,
    0.12985165724764913,
    0.13030259825398174,
    0.12775710214512875,
    0.1266992096990018,
    0.12732340072934045,
    0.12632700835424346,
    0.12678102317798137,
    0.12562523472344575,
    0.12578559017830687,
    0.12561313037520713,
    0.1257270727181941,
    0.12416015368521445,
    0.12444536740153422,
    0.12444030000127018,
    0.12374215713213821,
    0.12434418556304183,
    0.12382188704496508,
    0.12343328865294521,
    0.12306432457905889,
    0.12360557739229058,
    0.12297117129659604,
    0.12339340494080306,
    0.12334904086625684,
    0.12313691604529096,
    0.12250799840135976,
    0.12328125003967937,
    0.12284996641734645,
    0.12201086066878171,
    0.12178315821343143,
    0.12264211105867735,
    0.12254400937175002,
    0.12256199874204426,
    0.12334268382463676,
    0.12193574504260742,
    0.12191624876170284,
    0.12078087995269444,
    0.12116958062658412,
    0.1218763360794587,
    0.12147029728267585,
    0.12024829083654114,
    0.12049494644475307,
    0.11936912485594094,
    0.11895987583952555,
    0.11984942762744412,
    0.11887016165531099,
    0.11939371844515789,
    0.12001681187604839,
    0.11953193642976231
  ],
  "val_loss": [
    0.10325056476232752,
    0.0963454650596795,
    0.0945359938903654,
    0.08680208115219172,
    0.08725464358697574,
    0.08886720491774741,
    0.08543483233643134,
    0.08632686095203096,
    0.08785963945005631,
    0.0850197295414874,
    0.08158658732226041,
    0.08779305093390734,
    0.0785668491891504,
    0.08220243875055948,
    0.08338005517294901,
    0.07938371752718236,
    0.07987278194429157,
    0.08111921279495747,
    0.08075835798913919,
    0.07916173623834478,
    0.07998963620186707,
    0.07887719992032864,
    0.07985270623305173,
    0.08249880680431712,
    0.07902629575933269,
    0.07786933772189829,
    0.07690772751141081,
    0.0773008702116333,
    0.07710511580724591,
    0.07807968896214773,
    0.07668438289357983,
    0.07950099245702846,
    0.07949440235078675,
    0.07761439997811526,
    0.07803659189226178,
    0.07685825081509075,
    0.07850345798853922,
    0.07742539633073614,
    0.07549182721883523,
    0.07823119901298187,
    0.0803706618707465,
    0.08210702456145348,
    0.07787561520898781,
    0.07938340233189185,
    0.07431826627852453,
    0.07623462192374564,
    0.07738573690855986,
    0.07641882288235508,
    0.07390278637356677,
    0.07318405116055275,
    0.07621228387531771,
    0.07484750190798221,
    0.07671275235592065,
    0.07658947070477698,
    0.07414069249293113,
    0.0759243385754426,
    0.07732568481661255,
    0.07766934018514175,
    0.07450174369391642,
    0.07678523145859698,
    0.08047415944753288,
    0.07496410207028135,
    0.07675773984895928,
    0.07512469277888131,
    0.07502772650005984,
    0.07473201114854622,
    0.07723063573833584,
    0.07704943648944573,
    0.07687698490487459,
    0.07831592282197451
  ],
  "val_score": [
    0.6819854742308447,
    0.7195032333921224,
    0.7547827258475406,
    0.7298066088575348,
    0.7502112727807171,
    0.753484469919655,
    0.7390566823437194,
    0.7461358514599257,
    0.7550582990397804,
    0.7703679208308838,
    0.7643206202233981,
    0.7788372036057222,
    0.7794587742504409,
    0.7646390603566529,
    0.7835495051930237,
    0.7934915735841662,
    0.786537943366647,
    0.7496111356065059,
    0.7875146972369194,
    0.8005033803644914,
    0.7665037722908092,
    0.7898754409171075,
    0.783705663335293,
    0.7794557123260827,
    0.7911262370174407,
    0.7874075298843817,
    0.7972638643934942,
    0.7885128845776993,
    0.7990030374289633,
    0.7934762639623751,
    0.7949429257299626,
    0.795723716441309,
    0.7955981775426219,
    0.8018230697628846,
    0.7974108367626886,
    0.8004850088183421,
    0.7929557368214775,
    0.8118569958847736,
    0.8046951548108956,
    0.8043889623750733,
    0.8060883303938859,
    0.7912441211052321,
    0.7989907897315305,
    0.79515419851068,
    0.8128551832255535,
    0.8087736380560454,
    0.804229742308446,
    0.8114007691553987,
    0.8035561189496374,
    0.8115416176758768,
    0.7951848177542621,
    0.8040766460905351,
    0.8000440917107584,
    0.8083572163433275,
    0.8060485253772292,
    0.8090277777777779,
    0.8096983392122279,
    0.809851435430139,
    0.8117957573976092,
    0.810558739956888,
    0.8142728542034099,
    0.8152924750146971,
    0.8147290809327845,
    0.8167223936899863,
    0.8162814765824025,
    0.8193372770919067,
    0.8106199784440525,
    0.8199986527532823,
    0.8131001371742113,
    0.8074018959435626
  ]
}