{
  "train_loss": [
    18.248428211212158,
    5.303820285797119,
    3.962606611251831,
    3.3725089836120605,
    2.6207123041152953,
    2.0092533349990847,
    1.8692936754226686,
    2.0811292147636413,
    1.3619286942481994,
    1.5552412843704224,
    1.2313110065460204,
    1.0977780437469482,
    1.1638413953781128,
    0.9834292912483216,
    0.9051079416275024,
    0.9764080893993378,
    0.7941978883743286,
    0.7966940599679947,
    0.8081946313381195,
    0.6790604567527772,
    0.653829585313797,
    0.817381945848465,
    0.6560048013925552,
    0.5972549843788147,
    0.5717716979980468,
    0.6264620780944824,
    0.4976347744464874,
    0.4511576277017593,
    0.5116399109363556,
    0.5116776484251022,
    0.6104099297523499,
    0.39583375096321105,
    0.4170735278725624,
    0.4117103457450867,
    0.3389467936754227,
    0.34048511475324633,
    0.38810486257076265,
    0.356080139875412,
    0.35432266056537626,
    0.34072346150875094,
    0.3873241350054741,
    0.3037040650844574,
    0.39767460703849794,
    0.2965638875961304,
    0.29639274179935454,
    0.33745629608631134,
    0.31453364551067353,
    0.30823167860507966,
    0.29594844341278076,
    0.26802695214748384,
    0.2778657001256943,
    0.2689936143159866,
    0.2832577967643738,
    0.2772177216410637,
    0.2710184639692306,
    0.26965999394655227,
    0.25380863904953005,
    0.23990518152713775,
    0.22349219560623168,
    0.2505552014708519,
    0.2484003248810768,
    0.24055962324142455,
    0.264729785323143,
    0.27160446390509607,
    0.24965594887733458,
    0.23548783093690873,
    0.23319192469120026,
    0.22521358996629715,
    0.21841374427080154,
    0.22801954686641693,
    0.2711943545937538,
    0.2558812716603279,
    0.21681172549724578,
    0.2572889158129692,
    0.2561089807748795
  ],
  "val_loss": [
    7.808584728240967,
    2.1251731872558595,
    3.888531723022461,
    1.970461549758911,
    1.6115690803527831,
    1.9326084518432618,
    2.490165977478027,
    3.1529743766784666,
    2.0874718284606932,
    2.3349782180786134,
    1.9360806846618652,
    1.7933083152770997,
    2.196218242645264,
    4.115918846130371,
    3.405916233062744,
    2.422593116760254,
    2.470925598144531,
    1.7464468574523926,
    2.393995609283447,
    1.5876478004455565,
    2.4536259460449217,
    1.9482691764831543,
    1.828407096862793,
    1.6692932891845702,
    1.9713911247253417,
    1.9750342559814453,
    2.0657598686218264,
    1.7663021469116211,
    1.8193819046020507,
    1.723468723297119,
    1.882714157104492,
    2.044516372680664,
    1.8159232902526856,
    1.9231816291809083,
    1.812025680541992,
    1.772143325805664,
    1.9919726753234863,
    1.9277951431274414,
    1.9728501892089845,
    1.4897760772705078,
    2.3520804023742676,
    1.704812641143799,
    2.016705379486084,
    1.9658343505859375,
    1.7008157348632813,
    1.7054144096374513,
    1.815975685119629,
    1.9015353775024415,
    1.8713989639282227,
    1.5380713653564453,
    1.7695860481262207,
    1.5265016174316406,
    1.5497498321533203,
    1.6076757049560546,
    1.4143291473388673,
    1.5960833168029784,
    1.6979123115539552,
    1.787417869567871,
    1.8953584289550782,
    1.634753360748291,
    1.5341054725646972,
    1.5949989128112794,
    1.543257236480713,
    1.6282624435424804,
    1.5263665580749513,
    1.6028004264831544,
    1.6168613052368164,
    1.627328815460205,
    1.6722280502319335,
    1.588323154449463,
    1.6154185295104981,
    1.7861739349365235,
    1.5949957084655761,
    1.6336157989501954,
    1.5696317481994628
  ],
  "val_score": [
    0.5,
    0.47,
    0.5,
    0.555,
    0.67,
    0.645,
    0.615,
    0.595,
    0.665,
    0.62,
    0.665,
    0.66,
    0.625,
    0.565,
    0.6,
    0.63,
    0.63,
    0.69,
    0.73,
    0.715,
    0.64,
    0.695,
    0.69,
    0.725,
    0.755,
    0.685,
    0.775,
    0.75,
    0.77,
    0.755,
    0.77,
    0.78,
    0.795,
    0.79,
    0.8,
    0.795,
    0.785,
    0.775,
    0.795,
    0.785,
    0.75,
    0.815,
    0.78,
    0.8,
    0.775,
    0.81,
    0.8,
    0.815,
    0.79,
    0.825,
    0.825,
    0.815,
    0.82,
    0.825,
    0.82,
    0.82,
    0.81,
    0.805,
    0.815,
    0.82,
    0.815,
    0.81,
    0.835,
    0.815,
    0.82,
    0.82,
    0.83,
    0.83,
    0.815,
    0.82,
    0.835,
    0.84,
    0.835,
    0.83,
    0.835
  ]
}