{
  "train_loss": [
    0.2109911561300771,
    0.1670753126473982,
    0.1637691357973967,
    0.16313769459311825,
    0.16052285272207203,
    0.15787186791029337,
    0.15756810438103605,
    0.1552657091031135,
    0.1534517545447563,
    0.1538854284543013,
    0.15211500639207942,
    0.15189295470742198,
    0.1514121558266872,
    0.14997782620568323,
    0.14932276398164404,
    0.14910222314759441,
    0.1490117930770799,
    0.14824895654301115,
    0.14761270677747207,
    0.14711732167226016,
    0.1461754407256879,
    0.14617434164219825,
    0.14560377013369316,
    0.14520471461482085,
    0.14404808706460287,
    0.14400984988678384,
    0.14365278583579655,
    0.1444857623169382,
    0.14321020472278342,
    0.1429003225388381,
    0.14265266801329826,
    0.1432185132126789,
    0.14248899788002736,
    0.14296939893279795,
    0.14251788311613112,
    0.14136107614819443,
    0.14205924704141457,
    0.1433754008408167,
    0.1416665749409636,
    0.14258270370062479,
    0.14069172939172012,
    0.1420242220380402,
    0.14118035787617492,
    0.14110175829416644,
    0.14094496709206725,
    0.14068505538350154,
    0.13808735437782474,
    0.14067841372023687,
    0.14047972154901375,
    0.13964883771241718
  ],
  "val_loss": [
    0.13897879783280598,
    0.11934641871303356,
    0.114857299577145,
    0.11027931272367651,
    0.11082835472647419,
    0.10616618768739318,
    0.10589892139312794,
    0.10361015494598573,
    0.10243360685271095,
    0.11061626682254974,
    0.0961865422617279,
    0.10608261306479179,
    0.09929242938505148,
    0.09728109558698704,
    0.0978547057932582,
    0.10385188646795698,
    0.10474227370009091,
    0.09789832061939639,
    0.0984620964501045,
    0.09691994302989197,
    0.09899615145832076,
    0.09665762470641581,
    0.09550109644412066,
    0.09610185857047977,
    0.09405172375340351,
    0.09571196077653715,
    0.09384982315621909,
    0.09720606053664234,
    0.09342465883584178,
    0.09214208643668807,
    0.09824420604130234,
    0.09331283249470901,
    0.09568024449885515,
    0.09385932175840647,
    0.09281480237171362,
    0.0963439924025185,
    0.09301236940494838,
    0.09558734973861321,
    0.09391530757666236,
    0.09375949958581618,
    0.0932151908410449,
    0.0939580042097684,
    0.09416582014745904,
    0.09587349429175913,
    0.0953967730668001,
    0.09456268024789122,
    0.09369718582534005,
    0.09610089364919223,
    0.09509004999985594,
    0.09443376382118611
  ],
  "val_score": [
    0.5056079144620811,
    0.5444591416813639,
    0.5880364491475603,
    0.6350875097981579,
    0.6600804673721341,
    0.6195436507936508,
    0.6546746399176955,
    0.6445886610817165,
    0.6514228762492651,
    0.6246708431314913,
    0.661925276797962,
    0.6287722908093278,
    0.6428341784244562,
    0.6487773736037625,
    0.6548461076817558,
    0.6503083357828727,
    0.6317377645502645,
    0.6464196918479325,
    0.661661951303155,
    0.6502685307662159,
    0.6475801611796982,
    0.6486548966294337,
    0.6641666054281794,
    0.6501705491867529,
    0.6693443195179305,
    0.6765597442680776,
    0.6817879801097393,
    0.6842436434450323,
    0.6909385410542819,
    0.6820099696257105,
    0.6641926317852245,
    0.6692631785224379,
    0.6730247525965118,
    0.6722730501665687,
    0.6642079414070154,
    0.6648540074466001,
    0.6676158632177152,
    0.6550344160297863,
    0.6589460243974132,
    0.65287729031942,
    0.6779467960023515,
    0.6652306241426612,
    0.65812542866941,
    0.6428510190084264,
    0.671085023515579,
    0.6662716784244562,
    0.6484574025083285,
    0.657428840877915,
    0.6650193513619439,
    0.6625116353125613
  ]
}