{
  "train_loss": [
    0.6905783551616261,
    0.6572074810350974,
    0.6385636446982856,
    0.622983919219842,
    0.6197999476447819,
    0.6228217280755831,
    0.6140329708398662,
    0.6123310399940499,
    0.6060206077498446,
    0.5948334057365949,
    0.5993581478587688,
    0.6034435908759539,
    0.6059822478364101,
    0.5903847432780185,
    0.6009626155226786,
    0.601077432171164,
    0.5946146868613493,
    0.5960225658019831,
    0.5956613486475564,
    0.6022092487466081,
    0.5944304556760799,
    0.5894269331099614,
    0.5902393083470476,
    0.5900185039126564,
    0.5684963688673399
  ],
  "val_loss": [
    0.6795869554792132,
    0.6478987847055707,
    0.659880885056087,
    0.6747515286718097,
    0.6432863984789167,
    0.7059157916477748,
    0.6718125173023769,
    0.6800573723656791,
    0.6935067858014788,
    0.7128365124974932,
    0.7108394844191415,
    0.7455208812441144,
    0.7658062662397113,
    0.7478291988372803,
    0.7502538902418954,
    0.7833172934395927,
    0.7926485283034188,
    0.7385170885494777,
    0.6870878423963275,
    0.7520663482802254,
    0.7945108413696289,
    0.7196448360170636,
    0.7808962719781058,
    0.7700500573430743,
    0.8177620342799595
  ],
  "val_score": [
    0.48214285714285715,
    0.7321428571428571,
    0.5982142857142857,
    0.45535714285714285,
    0.7232142857142857,
    0.41964285714285715,
    0.5357142857142857,
    0.5089285714285714,
    0.45535714285714285,
    0.4107142857142857,
    0.4107142857142857,
    0.4107142857142857,
    0.4017857142857143,
    0.4017857142857143,
    0.4107142857142857,
    0.4017857142857143,
    0.4017857142857143,
    0.41964285714285715,
    0.49107142857142855,
    0.42857142857142855,
    0.4017857142857143,
    0.45535714285714285,
    0.39285714285714285,
    0.38392857142857145,
    0.4017857142857143
  ]
}