{
  "train_loss": [
    0.2978672504912832,
    0.19811437515744193,
    0.17817806945073997,
    0.16740447229008187,
    0.16015773104168995,
    0.1573906701354465,
    0.15259676084538568,
    0.14870644305220096,
    0.14689689111786,
    0.14406643314630427,
    0.13984825903451453,
    0.1406805691560383,
    0.13898412034937735,
    0.13723911719079618,
    0.13594468902784165,
    0.13516293268118942,
    0.1345820856642924,
    0.13307857438810966,
    0.13392743357859715,
    0.1327847380891172,
    0.13223831856002297,
    0.1315448946410357,
    0.1324806391969443,
    0.13089987431712827,
    0.1316418460515389,
    0.13021200962917448,
    0.1305722680712452,
    0.1304385926652482,
    0.130851708340224,
    0.12954007755316316,
    0.12773441196256563,
    0.12929015710216413,
    0.12851308783886145,
    0.12923917209569957,
    0.12868741627779526,
    0.127502201795501,
    0.12912878754370763,
    0.12726103633027147,
    0.1278951716116506,
    0.12756478509650485,
    0.12765337689975723,
    0.12660359166745305,
    0.12626834913721618,
    0.1262703641204246,
    0.12484453843390149,
    0.12320332859654777,
    0.12416681522026073,
    0.12465299616073922,
    0.12348963433108896,
    0.12405522305689702,
    0.12396334912286555,
    0.12267867954178555,
    0.12297795866450051
  ],
  "val_loss": [
    0.13110162526389021,
    0.1277883563511329,
    0.1177451103606886,
    0.1169494369365918,
    0.10265204853133914,
    0.10519480316655394,
    0.09676056991664364,
    0.09500635693512301,
    0.09558263930851907,
    0.09227443799247874,
    0.09054482820944908,
    0.09261394318654216,
    0.08993850912243932,
    0.09085659263848012,
    0.08921081681640484,
    0.0844404941169763,
    0.08773176451982401,
    0.08838359349711357,
    0.08381757051216376,
    0.08703584457167288,
    0.08790800089042371,
    0.08420209750920758,
    0.0874671223916434,
    0.08215235339180124,
    0.08216270408417632,
    0.08651593981961496,
    0.0892055432305171,
    0.08760085089710502,
    0.08006404097348908,
    0.0813171813110967,
    0.0828546110319629,
    0.0854293387097916,
    0.07739285022222318,
    0.08506737339905643,
    0.08749744708387378,
    0.0963765577540624,
    0.08571872481007066,
    0.08981003559520796,
    0.08661986782842532,
    0.07888599326745774,
    0.0829481549906109,
    0.0842753002443164,
    0.08332236917857457,
    0.08700214213617607,
    0.0836038470067629,
    0.08548381573317036,
    0.0838020895323595,
    0.09326515822571044,
    0.08723957159613284,
    0.08093956932371155,
    0.08326222868932878,
    0.08682102635919453,
    0.0891072463174911
  ],
  "val_score": [
    0.649810773074662,
    0.686266044483637,
    0.6752369929453264,
    0.6784091465804429,
    0.6333866108171664,
    0.7022523515579071,
    0.6490452919851069,
    0.6492657505388987,
    0.653390162649422,
    0.6896770282186949,
    0.7349108367626885,
    0.6897382667058592,
    0.6934340094062317,
    0.7489558837938466,
    0.7164413090339016,
    0.7106389623750734,
    0.7398191015089164,
    0.7594889035861258,
    0.7392710170487948,
    0.771565133254948,
    0.7094754311189496,
    0.7481505976876347,
    0.7597430433078581,
    0.7469518543013914,
    0.775851827356457,
    0.7712650646678424,
    0.7706128747795414,
    0.7285052910052909,
    0.7378809033901627,
    0.778557037526945,
    0.7632826278659612,
    0.786066407015481,
    0.7937043773270623,
    0.78605109739369,
    0.798124265138154,
    0.7987075617283951,
    0.8009565451695081,
    0.7970862727807172,
    0.7657291054281796,
    0.7888849083872231,
    0.8063960537918871,
    0.7788035224377816,
    0.7892538702723888,
    0.7932573363707622,
    0.8080785812267293,
    0.8021246693121692,
    0.7953287281990985,
    0.8077907603370565,
    0.7995664315108759,
    0.8033540319419948,
    0.8029299554183815,
    0.7772235694689399,
    0.7995266264942191
  ]
}