{
  "train_loss": [
    0.6840090379537962,
    0.6230872168181584,
    0.600014551887362,
    0.6012532584980985,
    0.5850818745196872,
    0.5830042453396843,
    0.5853922211547268,
    0.5839695410867912,
    0.5725446869069197,
    0.5831107465703254,
    0.5623924439884009,
    0.5584129966686493,
    0.5764018046440236,
    0.5720523797620939,
    0.5710819202681628,
    0.5688667112984459,
    0.566847802549433,
    0.5724827352203051,
    0.5573036206050181,
    0.5561073362760254,
    0.5618619742490041,
    0.5532942042173765,
    0.5600580413175246,
    0.5656468118001425,
    0.5507261840578408,
    0.5534412896740423,
    0.5577665512419658,
    0.551526269842991,
    0.55556947314699,
    0.5610228597916688,
    0.5357115487950457,
    0.5494248556608022,
    0.5552140950687289,
    0.551901416448694,
    0.5369689165540166,
    0.5582383144961165,
    0.5415948697767053,
    0.5468448735731659,
    0.5465620548974542,
    0.5451985334116375,
    0.5690712544593554,
    0.5513946591667973,
    0.5395328553374626,
    0.5568831685691636,
    0.5486587536750682,
    0.5539243596745288,
    0.5368622798887496,
    0.5577386787289039,
    0.5406057944917303,
    0.5411448768341098,
    0.5612114322601207,
    0.5516350705122116,
    0.54201436555694,
    0.5468072962975475
  ],
  "val_loss": [
    0.6822861773627145,
    0.6795188358851841,
    0.675235424722944,
    0.6588978256498065,
    0.6674694333757673,
    0.5976998635700771,
    0.5809803860528129,
    0.613325263772692,
    0.6178950071334839,
    0.6680648667471749,
    0.593944753919329,
    0.6610877173287528,
    0.6295366627829415,
    0.5858281339917865,
    0.7000220332826886,
    0.6089202506201608,
    0.6415682349886213,
    0.6039967026029315,
    0.5892224056380135,
    0.5978162373815264,
    0.6140886119433812,
    0.610202968120575,
    0.6055340596607753,
    0.5827299526759556,
    0.5902856077466693,
    0.5788119179861886,
    0.5915797863687787,
    0.5842284985951015,
    0.5706498452595302,
    0.5700359003884452,
    0.5615659952163696,
    0.5650819880621774,
    0.5616124698093959,
    0.5608612895011902,
    0.5747684666088649,
    0.5668189866202218,
    0.571603809084211,
    0.5667245132582528,
    0.5631306682314191,
    0.5717549068587167,
    0.5660816175597054,
    0.5632253118923732,
    0.5657185656683785,
    0.5782478196280343,
    0.5699784585407802,
    0.5629134944507054,
    0.5677495683942523,
    0.569441420691354,
    0.5652874623026166,
    0.5641233921051025,
    0.5738141962460109,
    0.5666150195258004,
    0.5644254173551287,
    0.5639311756406512
  ],
  "val_score": [
    0.5267857142857143,
    0.5357142857142857,
    0.5446428571428571,
    0.5625,
    0.5714285714285714,
    0.6339285714285714,
    0.6428571428571429,
    0.5982142857142857,
    0.5892857142857143,
    0.5714285714285714,
    0.6607142857142857,
    0.5803571428571429,
    0.6160714285714286,
    0.6607142857142857,
    0.5178571428571429,
    0.6339285714285714,
    0.5892857142857143,
    0.6339285714285714,
    0.6607142857142857,
    0.6607142857142857,
    0.625,
    0.6160714285714286,
    0.6428571428571429,
    0.6607142857142857,
    0.6607142857142857,
    0.6964285714285714,
    0.6607142857142857,
    0.6607142857142857,
    0.6785714285714286,
    0.6696428571428571,
    0.6785714285714286,
    0.7053571428571429,
    0.6785714285714286,
    0.7321428571428571,
    0.6428571428571429,
    0.6696428571428571,
    0.6607142857142857,
    0.7053571428571429,
    0.6964285714285714,
    0.6696428571428571,
    0.6875,
    0.7053571428571429,
    0.7142857142857143,
    0.6607142857142857,
    0.6964285714285714,
    0.7142857142857143,
    0.7053571428571429,
    0.7053571428571429,
    0.7232142857142857,
    0.7232142857142857,
    0.6875,
    0.7142857142857143,
    0.7142857142857143,
    0.7053571428571429
  ]
}