{
  "train_loss": [
    0.6865084938981536,
    0.648407461940907,
    0.631785679252397,
    0.6271109447570432,
    0.6219761730313167,
    0.6102765815330436,
    0.6183207010927834,
    0.6024120261618203,
    0.6022558819724685,
    0.5911281870508355,
    0.5981749769539076,
    0.584129679658952,
    0.6067563455606338,
    0.6020846559977237,
    0.6007002232045237,
    0.593064080877701,
    0.5938565061250607,
    0.5838357401913277,
    0.5908213110286554,
    0.5986825564312587,
    0.5882829122655974,
    0.5917060546183076,
    0.5755105884190486,
    0.5917653273141559,
    0.59177129401399,
    0.5897991051824074,
    0.5885411665866024,
    0.5980660863748686,
    0.5872644640597503,
    0.5915877627977773,
    0.5756831258300721,
    0.5852854370534487,
    0.5858450931558727,
    0.5949422043273634,
    0.5739427827072359,
    0.5914666718385351,
    0.5776866795778006,
    0.5864443106511849,
    0.5773500128993838,
    0.5867229386309268,
    0.5778043777655697,
    0.5946910545581908,
    0.5812942083962722,
    0.5775282604890143,
    0.5766454511337795,
    0.5737811786251475,
    0.5754147121689048,
    0.5756031809829352,
    0.580412437194378,
    0.5795794239328468,
    0.5781149234626908
  ],
  "val_loss": [
    0.6557895285742623,
    0.6457403387342181,
    0.6416301131248474,
    0.6349261573382786,
    0.6623727764402118,
    0.6189954451152256,
    0.6075776474816459,
    0.6607027905327933,
    0.637218041079385,
    0.6120583925928388,
    0.6442356790815081,
    0.7376364043780735,
    0.669418488230024,
    0.614496009690421,
    0.5876868452344622,
    0.5945440105029515,
    0.5899153266634259,
    0.6074979731014797,
    0.5977480922426496,
    0.6865700057574681,
    0.5740047948701041,
    0.5834932412420001,
    0.6144965376172747,
    0.5994634457996914,
    0.5748053448540824,
    0.6616524372782026,
    0.5847897955349514,
    0.5859743186405727,
    0.5701354401452201,
    0.5887036664145333,
    0.5680069582802909,
    0.6224645035607475,
    0.604185836655753,
    0.6031676190240043,
    0.5757248061043876,
    0.590279255594526,
    0.5893172536577497,
    0.5952466896602085,
    0.5738538588796344,
    0.5815239293234689,
    0.6254798088754926,
    0.6063180054937091,
    0.5882048777171544,
    0.6350203922816685,
    0.5908333488873073,
    0.6049311927386692,
    0.6006774476596287,
    0.5870297636304583,
    0.59455520766122,
    0.5885957053729466,
    0.5884359223502023
  ],
  "val_score": [
    0.6785714285714286,
    0.6428571428571429,
    0.6339285714285714,
    0.6517857142857143,
    0.7232142857142857,
    0.6339285714285714,
    0.6339285714285714,
    0.6875,
    0.6785714285714286,
    0.6875,
    0.6696428571428571,
    0.6160714285714286,
    0.7410714285714286,
    0.6785714285714286,
    0.7053571428571429,
    0.6875,
    0.6875,
    0.6875,
    0.6875,
    0.6696428571428571,
    0.7142857142857143,
    0.7232142857142857,
    0.7142857142857143,
    0.6875,
    0.7053571428571429,
    0.6875,
    0.7321428571428571,
    0.7232142857142857,
    0.7410714285714286,
    0.7321428571428571,
    0.7410714285714286,
    0.7053571428571429,
    0.7232142857142857,
    0.7142857142857143,
    0.7142857142857143,
    0.6875,
    0.7142857142857143,
    0.6785714285714286,
    0.7321428571428571,
    0.7589285714285714,
    0.6875,
    0.7053571428571429,
    0.7410714285714286,
    0.7142857142857143,
    0.7232142857142857,
    0.7410714285714286,
    0.6964285714285714,
    0.7232142857142857,
    0.7142857142857143,
    0.7053571428571429,
    0.7321428571428571
  ]
}