{
  "train_loss": [
    0.6305881452560425,
    0.5586306357383728,
    0.5233028709888459,
    0.5057023823261261,
    0.49477001786231994,
    0.4972089195251465,
    0.48957635879516603,
    0.4748699390888214,
    0.4562044048309326,
    0.445392838716507,
    0.4277262341976166,
    0.41705321192741396,
    0.40042311310768125,
    0.40301225662231444,
    0.3997671318054199,
    0.3850841248035431,
    0.4023099648952484,
    0.39930402994155884,
    0.365154470205307,
    0.36173107743263244,
    0.36712334990501405,
    0.3670895862579346,
    0.35621622562408445,
    0.36066334426403046,
    0.3575663650035858,
    0.35246115386486054,
    0.3531703788042069,
    0.3454655259847641,
    0.35543248295783997
  ],
  "val_loss": [
    0.6963559770584107,
    0.7232347059249878,
    0.5809274554252625,
    0.5176789736747742,
    0.4721671676635742,
    0.4684783482551575,
    0.45123634457588196,
    0.54793710231781,
    0.4476897597312927,
    0.6482524204254151,
    0.7983664608001709,
    1.6070037508010864,
    0.8438074040412903,
    0.5507247138023377,
    0.5359437084197998,
    0.9862224054336548,
    2.209688940048218,
    0.58754563331604,
    0.5108770656585694,
    0.6090899181365966,
    0.7490191602706909,
    0.5204287672042847,
    0.6253995227813721,
    0.7368692994117737,
    0.5343205809593201,
    0.609159631729126,
    0.7273391485214233,
    0.6882109856605529,
    0.5338457942008972
  ],
  "val_score": [
    0.575,
    0.585,
    0.68,
    0.745,
    0.775,
    0.775,
    0.8,
    0.7,
    0.805,
    0.72,
    0.56,
    0.665,
    0.58,
    0.715,
    0.71,
    0.675,
    0.515,
    0.7,
    0.75,
    0.735,
    0.66,
    0.79,
    0.73,
    0.66,
    0.785,
    0.75,
    0.705,
    0.7,
    0.75
  ]
}