{
  "train_loss": [
    1.1817842048788767,
    1.0758759186962459,
    1.0728508023496957,
    0.9662201883956472,
    0.9712593854479366,
    0.9848984850002757,
    0.9517189154340661,
    0.7951980184248247,
    0.8145446483678571,
    0.7910757940451125,
    0.8973157966364892,
    0.7569902340124106,
    0.7482950928777088,
    0.8576222576360198,
    0.7981592266578373,
    0.8006397713021836,
    0.7528800915411272,
    0.769871809217069,
    0.7825833243916086,
    0.7462990778101308,
    0.6799162974910071,
    0.7020926189905344,
    0.7156844048585881
  ],
  "val_loss": [
    0.6661473342350551,
    0.6450374296733311,
    0.6119008490017482,
    0.6770276512418475,
    0.7853830286434719,
    0.6553265537534442,
    0.8229073796953473,
    0.6288123301097325,
    0.6289051600864956,
    0.6290725980486188,
    0.6360064915248326,
    0.6269631556102208,
    0.6253729292324611,
    0.6200853756495884,
    0.6147989204951695,
    0.6354704243796212,
    0.6546362553324018,
    0.640640880380358,
    0.6207006658826556,
    0.6454150336129325,
    0.6389462266649518,
    0.6327275122914996,
    0.6201971769332886
  ],
  "val_score": [
    0.5982142857142857,
    0.5982142857142857,
    0.6696428571428571,
    0.6160714285714286,
    0.4375,
    0.6428571428571429,
    0.39285714285714285,
    0.5982142857142857,
    0.6428571428571429,
    0.5982142857142857,
    0.5982142857142857,
    0.6071428571428571,
    0.5982142857142857,
    0.5982142857142857,
    0.6160714285714286,
    0.5982142857142857,
    0.6785714285714286,
    0.6785714285714286,
    0.6428571428571429,
    0.6428571428571429,
    0.6785714285714286,
    0.6517857142857143,
    0.6785714285714286
  ]
}