{
  "train_loss": [
    0.5855393147468567,
    0.5250463271141053,
    0.5109405040740966,
    0.5089969038963318,
    0.4852615559101105,
    0.48433239102363584,
    0.48511714935302735,
    0.4505411159992218,
    0.4349084424972534,
    0.4253436577320099,
    0.41721182584762573,
    0.40324471235275267,
    0.3975912058353424,
    0.3983371949195862,
    0.38707122325897214,
    0.38051992654800415,
    0.3792253053188324,
    0.3707130390405655,
    0.37010116040706637,
    0.3835661017894745,
    0.3718813985586166,
    0.3635955023765564,
    0.36245484709739684,
    0.36117409765720365,
    0.3469118535518646,
    0.3572453498840332,
    0.3438166964054108,
    0.33682152509689334,
    0.34496510624885557,
    0.3400107944011688
  ],
  "val_loss": [
    0.7974164342880249,
    0.7795036840438843,
    0.640536653995514,
    0.5385341501235962,
    0.5173133969306946,
    0.5390263175964356,
    0.5933957266807556,
    0.8124229288101197,
    0.4943052315711975,
    0.49417805433273315,
    0.5291167676448822,
    0.8218620729446411,
    0.5672260880470276,
    1.8968695068359376,
    0.5970685505867004,
    0.7045566487312317,
    0.5395180451869964,
    0.6200438833236694,
    1.027182581424713,
    0.5919846606254577,
    0.9180254125595093,
    0.6840852928161621,
    0.6048295998573303,
    0.7504166889190674,
    0.5893309569358826,
    0.7380871009826661,
    0.711924295425415,
    0.6201426887512207,
    0.7937238621711731,
    0.5854708623886108
  ],
  "val_score": [
    0.53,
    0.57,
    0.61,
    0.745,
    0.74,
    0.745,
    0.66,
    0.56,
    0.79,
    0.75,
    0.735,
    0.57,
    0.76,
    0.53,
    0.67,
    0.635,
    0.735,
    0.685,
    0.7,
    0.69,
    0.71,
    0.665,
    0.705,
    0.635,
    0.775,
    0.645,
    0.65,
    0.725,
    0.63,
    0.735
  ]
}