{
  "train_loss": [
    0.15907802943685231,
    0.14392957383491797,
    0.14047929822396754,
    0.13875082131118657,
    0.13702966895088392,
    0.13393248477235944,
    0.13357606814520165,
    0.13306997973543327,
    0.13148529833352363,
    0.1298422564423673,
    0.13034579242704444,
    0.12774996280896395,
    0.12788799553233193,
    0.12709571683629842,
    0.12703786346565346,
    0.12635234036269408,
    0.12483136838179787,
    0.12409248305272068,
    0.12448786234465063,
    0.12354306566184567,
    0.12340582010932447,
    0.12340883832834874,
    0.12288756075030326,
    0.12266622564772732,
    0.12198854588782418,
    0.12092411844197112,
    0.12124009070945875,
    0.11983111198111875,
    0.12034855094422373,
    0.12009128768443482,
    0.1197025501120435,
    0.11981653382770759,
    0.11957659938970143,
    0.11796385822494136,
    0.11790009430594613,
    0.11869551719092372,
    0.11733228882916755,
    0.11724771927136468,
    0.11549662586092888,
    0.11557917237521388,
    0.11382250603437759,
    0.11339459338150326,
    0.11253843358672709,
    0.11205327558672261,
    0.11201566646351072,
    0.1116952558357831,
    0.11092248619789827,
    0.11199503183948668
  ],
  "val_loss": [
    0.09015700633533674,
    0.11079652316065823,
    0.08269320246228011,
    0.08729004213455571,
    0.07854034531016492,
    0.08433765128147108,
    0.08209418926076452,
    0.08595671503920785,
    0.0929018255280602,
    0.07807275920269892,
    0.09652537952405699,
    0.08173403895235673,
    0.08224388389557657,
    0.0818925953949984,
    0.07868428167022282,
    0.08247969062387972,
    0.07481503390987627,
    0.1105415486309921,
    0.07978385169654106,
    0.07572752914074224,
    0.08070818044144706,
    0.07959308468825244,
    0.08811383695882144,
    0.08059460514603436,
    0.07804388145526923,
    0.07697631824146182,
    0.07549658831328501,
    0.07360751907640754,
    0.07541632713148143,
    0.07551526465399316,
    0.07708181260860578,
    0.08281425814672584,
    0.07722307480473153,
    0.07800089857916226,
    0.07511817623602773,
    0.07642288666459444,
    0.07692574698377447,
    0.08277776569930519,
    0.0803651207411078,
    0.07861996589646508,
    0.07503268178477666,
    0.0811085696067229,
    0.07821084120921762,
    0.07484177815035681,
    0.07661284818958221,
    0.07409733219489767,
    0.07358918333755127,
    0.07750983951794907
  ],
  "val_score": [
    0.7188969723691945,
    0.7368122917891436,
    0.7603431804820693,
    0.7253208896727416,
    0.7486190721144423,
    0.7615526406035665,
    0.761326058201058,
    0.7719815549676661,
    0.7690084264158338,
    0.7714518420536938,
    0.7483679943170684,
    0.7663843572408388,
    0.7729062561238487,
    0.7592929404271996,
    0.7727286645110719,
    0.7679306290417401,
    0.7627498530276309,
    0.7539315108759552,
    0.790242871840094,
    0.7916176758769351,
    0.7510808592984519,
    0.7690880364491476,
    0.7715406378600822,
    0.7634816529492455,
    0.7625416421712717,
    0.7618557711150303,
    0.7693666715657457,
    0.7897652116402115,
    0.784412967862042,
    0.7824104693317656,
    0.7788249559082893,
    0.7691309033901627,
    0.7590510484029002,
    0.7794005976876346,
    0.7898846266901823,
    0.7784085341955712,
    0.7896151773466586,
    0.7668436458945718,
    0.7758671369782479,
    0.7749026308054086,
    0.7778880070546736,
    0.7590051195375269,
    0.7785401969429747,
    0.7879311189496375,
    0.79651369292573,
    0.7789780521262003,
    0.7821838869292572,
    0.7815929355281207
  ]
}