{
  "train_loss": [
    0.6852723755638028,
    0.6737224720460357,
    0.659903297475272,
    0.6643680442707075,
    0.6539973259240356,
    0.6607302705536275,
    0.6588402125645005,
    0.6616508042852576,
    0.6482962495296423,
    0.6403144234613305,
    0.6303691817751349,
    0.6243618892336052,
    0.6375309080723568,
    0.6209706322146481,
    0.625061998083031,
    0.6203843009217115,
    0.6070671291399592,
    0.6176765164186502,
    0.6119356058848052,
    0.6180958488392482,
    0.6083687979673508,
    0.6237582540887547,
    0.6109828380417368,
    0.6068530786024036,
    0.6054656247454365,
    0.597047174405998,
    0.6051729200125009,
    0.5996868368342971,
    0.6074515335069062,
    0.5944764091810306,
    0.6036950448701834,
    0.5959483359608259
  ],
  "val_loss": [
    0.6802965743201119,
    0.6736720715250287,
    0.6774612494877407,
    0.6802760362625122,
    0.6914803811482021,
    0.6934088383402143,
    0.6965009995869228,
    0.6862031136240277,
    0.678394079208374,
    0.672298754964556,
    0.664608793599265,
    0.6615089688982282,
    0.6647986514227731,
    0.6749680468014309,
    0.6855896370751517,
    0.6889995166233608,
    0.6979691811970302,
    0.6949140514646258,
    0.6878521868160793,
    0.6954272900308881,
    0.7192445908273969,
    0.7214245540755135,
    0.7073895675795419,
    0.7045977796827044,
    0.6971638032368251,
    0.7029365641730172,
    0.7100350516183036,
    0.695724470274789,
    0.6842754908970424,
    0.6787756511143276,
    0.6860682794025966,
    0.6924932854516166
  ],
  "val_score": [
    0.5982142857142857,
    0.5982142857142857,
    0.5982142857142857,
    0.5982142857142857,
    0.5982142857142857,
    0.5982142857142857,
    0.5982142857142857,
    0.5982142857142857,
    0.5982142857142857,
    0.6071428571428571,
    0.6160714285714286,
    0.6160714285714286,
    0.6607142857142857,
    0.625,
    0.6517857142857143,
    0.625,
    0.6428571428571429,
    0.6428571428571429,
    0.6517857142857143,
    0.6785714285714286,
    0.5446428571428571,
    0.48214285714285715,
    0.6785714285714286,
    0.6964285714285714,
    0.6875,
    0.6517857142857143,
    0.6071428571428571,
    0.6875,
    0.6696428571428571,
    0.6696428571428571,
    0.6964285714285714,
    0.6696428571428571
  ]
}