{
  "train_loss": [
    1.567270002563571,
    1.08314237732721,
    1.1235563525735193,
    0.9979095441552196,
    0.9440274583877675,
    0.9597188415355704,
    0.8092927167734761,
    0.8777951392333607,
    0.9993324613007973,
    0.7667054820918929,
    0.8044152102266575,
    0.7270725834088063,
    0.8234916478898313,
    0.9594414877140616,
    0.7328193135417085,
    1.0059076856038165,
    0.8585176602659665,
    0.92487744184125,
    0.7933861931075663,
    0.7332701447039541,
    0.661153578583918,
    0.6391173125453151,
    0.8557263916469398,
    1.002202880060713,
    0.658000243997413,
    0.6417841825495957,
    0.5973834168119827,
    0.6681604377330356,
    0.6458507136633479,
    0.7212490519871192,
    0.704961922694379,
    0.7162613211654303,
    0.7171901058828871,
    0.7558021597036226,
    0.6448622632884872,
    0.6488763359453869,
    0.6418568788953252,
    0.5836663463386561,
    0.5462748425079277,
    0.6011982809572037,
    0.6189525111319646,
    0.6179037959020505,
    0.6789257521033958,
    0.5887032341635268,
    0.6086892517130609,
    0.5714022206106926,
    0.62452339904783,
    0.5800026047082264,
    0.5757598771689579,
    0.5791367483487682,
    0.5577196605562225,
    0.5674943958144086,
    0.6044682559334119,
    0.5529836238570369,
    0.6116834496084027,
    0.5809440895730653
  ],
  "val_loss": [
    0.9090003967285156,
    1.189294627734593,
    1.0077220116342818,
    0.6733637707574027,
    0.6694328529494149,
    0.5513983283724103,
    0.8135198610169547,
    0.6886976787022182,
    0.8190551144736153,
    0.6594706348010472,
    0.8776601552963257,
    0.6135286944253104,
    0.6853728464671544,
    0.7062944769859314,
    0.6977054902485439,
    1.322082792009626,
    2.1178864410945346,
    0.7214016318321228,
    0.908924971308027,
    0.7511763402393886,
    0.5769812720162528,
    0.5281461477279663,
    0.6153756550380162,
    0.6898604546274457,
    0.6277057869093758,
    0.6401879276548114,
    0.5945630499294826,
    0.609928812299456,
    0.5745422754968915,
    0.5949807507651192,
    0.6939605644771031,
    0.6053621939250401,
    0.7652674061911446,
    0.610045313835144,
    0.5909479771341596,
    0.5254164252962384,
    0.5483226520674569,
    0.5508818711553302,
    0.6450704165867397,
    0.610190578869411,
    0.539790792124612,
    0.6334047317504883,
    0.5323090553283691,
    0.5921910064561027,
    0.5634099585669381,
    0.6717269761221749,
    0.5562116077968052,
    0.5955042839050293,
    0.6303858757019043,
    0.5646979979106358,
    0.5621500441006252,
    0.5600365740912301,
    0.6003843886511666,
    0.597059428691864,
    0.5697728650910514,
    0.5334986703736442
  ],
  "val_score": [
    0.5982142857142857,
    0.4017857142857143,
    0.45535714285714285,
    0.6339285714285714,
    0.6875,
    0.7232142857142857,
    0.6339285714285714,
    0.6428571428571429,
    0.5982142857142857,
    0.6785714285714286,
    0.44642857142857145,
    0.6964285714285714,
    0.6785714285714286,
    0.6607142857142857,
    0.6607142857142857,
    0.4642857142857143,
    0.375,
    0.6339285714285714,
    0.6071428571428571,
    0.6517857142857143,
    0.6964285714285714,
    0.7232142857142857,
    0.6785714285714286,
    0.6428571428571429,
    0.6875,
    0.6428571428571429,
    0.6607142857142857,
    0.6339285714285714,
    0.7142857142857143,
    0.6964285714285714,
    0.6071428571428571,
    0.6785714285714286,
    0.6160714285714286,
    0.7410714285714286,
    0.7410714285714286,
    0.7589285714285714,
    0.75,
    0.75,
    0.6607142857142857,
    0.75,
    0.7678571428571429,
    0.6785714285714286,
    0.7321428571428571,
    0.6785714285714286,
    0.75,
    0.6517857142857143,
    0.7053571428571429,
    0.7142857142857143,
    0.6875,
    0.7678571428571429,
    0.7321428571428571,
    0.7589285714285714,
    0.7321428571428571,
    0.7321428571428571,
    0.7589285714285714,
    0.7589285714285714
  ]
}