{
  "train_loss": [
    0.21134792690613918,
    0.16882485593522628,
    0.16571515423922345,
    0.16318078775296607,
    0.16105265300116864,
    0.15739332485758,
    0.1571401374698254,
    0.15647363040954837,
    0.15512889036150973,
    0.15473013544364986,
    0.15302126270971567,
    0.15122742610300366,
    0.15161665315477377,
    0.14953959532756236,
    0.14882462516210548,
    0.14942492712187758,
    0.14931669869048556,
    0.1482365930454698,
    0.14796922654085604,
    0.14830876548566854,
    0.1474232646907533,
    0.14737610308103172,
    0.14751362344082788,
    0.14701451435943316,
    0.14631154560351375,
    0.14674869565875917,
    0.14620178959832786,
    0.1453298284255213,
    0.14527461786119875,
    0.14469522324215406,
    0.1453980535351666,
    0.14472718544768376,
    0.14462375727465354,
    0.14381524027428788,
    0.14508267396248642,
    0.14335356835247695,
    0.14477458919878372,
    0.14320040956414254,
    0.14426183662896475,
    0.14370326694599408,
    0.1431814647912309,
    0.14330979810942668,
    0.14324740168787506,
    0.14334056526784827,
    0.14359588230429063,
    0.14191075513198642,
    0.14220667149172864,
    0.14237337020250704,
    0.1419916649993495,
    0.14220852344771437,
    0.14210710953403066,
    0.14194774653410783,
    0.14084141720142385,
    0.14117422113048717,
    0.1416538871659656,
    0.14012279642040956,
    0.14064025682513556,
    0.14010614780463726,
    0.13924316581534413,
    0.13785981054402419,
    0.139606642692648,
    0.13861303440194983,
    0.13865379699336336,
    0.13762326183810425,
    0.13848290286152265,
    0.1379251868914782,
    0.13869616215470743,
    0.13782614591445658,
    0.13826329630706263,
    0.1385813958159131,
    0.13905340889902165,
    0.13714465962442718,
    0.13737910244081605,
    0.1386614235254527,
    0.13911525239220093,
    0.13794431619794295,
    0.13761163023810416,
    0.13710625192470283,
    0.13697659342141358,
    0.13673622106540467,
    0.13799053244321044,
    0.13692226117509487,
    0.13663804014079067,
    0.13673310826498378,
    0.1373474515140263
  ],
  "val_loss": [
    0.12358339396349537,
    0.12647597806121988,
    0.11742284707951482,
    0.10280696788760627,
    0.10874352535224296,
    0.10672296734004597,
    0.11172911535279176,
    0.10684122158399673,
    0.10487582995208719,
    0.10189462239192172,
    0.10303052605093323,
    0.11022062768669219,
    0.10214596171110485,
    0.10272167260477122,
    0.09880368007492359,
    0.09717296362249282,
    0.10303590775039721,
    0.09761487118720487,
    0.09987248990113229,
    0.09854956216151889,
    0.09817866843674715,
    0.09596544833219373,
    0.09947524365076627,
    0.09969496631208212,
    0.09476005689347643,
    0.10127440132309407,
    0.09790141017980278,
    0.09708834245326367,
    0.09659342916033403,
    0.0980839274856272,
    0.09671971364861136,
    0.0945302752599957,
    0.09952547588948783,
    0.09588577232642632,
    0.09405695745817015,
    0.09649724702862762,
    0.09692682441094845,
    0.09285371789675674,
    0.09351385836601583,
    0.09443136421275666,
    0.09326972953935349,
    0.09146551383827257,
    0.09494749374493844,
    0.09376741507956285,
    0.0911473603040585,
    0.09130021486972084,
    0.09390163589780663,
    0.094535522266621,
    0.09139365793848643,
    0.09162553377565447,
    0.09467003184965991,
    0.0957475855462878,
    0.09120214536039753,
    0.09136324305311044,
    0.0938682831785785,
    0.09278075207942323,
    0.09528008505879543,
    0.09404921438658205,
    0.0914133361966657,
    0.09120668618584996,
    0.09139375546808996,
    0.09067061449766319,
    0.09166209859813822,
    0.09217974329953743,
    0.08909771957070382,
    0.09043552436060441,
    0.08992518026426112,
    0.09213662240269292,
    0.09075313526570956,
    0.09001955243202056,
    0.09119488182279524,
    0.0911752462890674,
    0.09134854332161463,
    0.09036619118655971,
    0.0892829408644072,
    0.09125621136528803,
    0.0906844919340478,
    0.09125087584610943,
    0.09002093001865004,
    0.09119439704686498,
    0.09064680974230391,
    0.09121754045722522,
    0.08983034352300276,
    0.09059988986134689,
    0.09171593823978973
  ],
  "val_score": [
    0.634574637468156,
    0.6319704708014893,
    0.6428877621007252,
    0.684503907015481,
    0.6655138521457966,
    0.6540760337056633,
    0.6264130780913189,
    0.6277587938467568,
    0.6553130511463845,
    0.6469616524593377,
    0.6596548598863413,
    0.6451612409367038,
    0.6457430065647658,
    0.6498475161669607,
    0.6514228762492651,
    0.6633980624142661,
    0.6594252155594749,
    0.6635144155398784,
    0.6518484837350578,
    0.6497510655496767,
    0.6408577062512248,
    0.6801008597883599,
    0.6533396408975112,
    0.6718290711346266,
    0.6575069199490495,
    0.6463385508524397,
    0.6638787845385067,
    0.671153916813639,
    0.6674581741132667,
    0.6719132740544778,
    0.6861757177150695,
    0.6936651846952773,
    0.6683951229668822,
    0.666129298941799,
    0.692855305702528,
    0.657069064765824,
    0.6429229742308447,
    0.6773772780717224,
    0.6753747795414462,
    0.6839604154418969,
    0.6883129409171076,
    0.662023258377425,
    0.6761678179502253,
    0.6698265726043504,
    0.6723557221242407,
    0.6720770870076426,
    0.6539627425044092,
    0.6544587742504409,
    0.6747532088967274,
    0.6710084754066235,
    0.663854289143641,
    0.6889590069566922,
    0.6851025132275133,
    0.6853137860082303,
    0.6939637223202038,
    0.6853352194787379,
    0.6638098912404469,
    0.6926654663923183,
    0.6811526308054087,
    0.6634210268469528,
    0.6783999608073682,
    0.6681639476778365,
    0.6622513717421125,
    0.674247991377621,
    0.6757406795022536,
    0.6826468498922202,
    0.690108759553204,
    0.6639859518910445,
    0.6717448682147756,
    0.6879623505780912,
    0.6625437855183225,
    0.6762014991181657,
    0.6759090853419557,
    0.6817099010386047,
    0.7001579952968842,
    0.685681216931217,
    0.6871938075641779,
    0.6773527826768567,
    0.692037771898883,
    0.6864421051342348,
    0.6950109004507152,
    0.698143249069175,
    0.6845758622378992,
    0.6819119880462472,
    0.6808556241426611
  ]
}