{
  "train_loss": [
    0.722239434115664,
    0.6583494869206432,
    0.6537639400151771,
    0.6336044649707722,
    0.6299689350433908,
    0.6310904575815619,
    0.6174804064098439,
    0.6214156694567781,
    0.6187624785843797,
    0.6069198571924954,
    0.608197250704127,
    0.6100458854765404,
    0.6042126751053319,
    0.620609555389267,
    0.5898859844835322,
    0.6016679240560371,
    0.5972397574155484,
    0.5928337552550137,
    0.5819549361417746,
    0.5800377119780927,
    0.5958283494642534,
    0.6041572799966896,
    0.5810792055253371,
    0.5768260692986916,
    0.5967638606563864,
    0.584227012434746,
    0.5873118131447697,
    0.5790189585079627,
    0.5913577394893118,
    0.5862501389666537,
    0.5774017044744287,
    0.5869755348687231,
    0.5790255346636134,
    0.5854210022195788,
    0.5795678779968931,
    0.5791594938566768,
    0.5761427951744088,
    0.586115742628164,
    0.5846265185670456,
    0.5857157529540218,
    0.5682986418897845,
    0.5639726785760628,
    0.5832451622183062,
    0.5765900829444451,
    0.5738605621561023,
    0.5894095946618757,
    0.5832921419422592,
    0.5901623425253062,
    0.5716680489455352,
    0.5771343333916937,
    0.594239386919513,
    0.5642146506379238,
    0.5824068572175248,
    0.5838625849433101,
    0.5818116481848589,
    0.571067626685474,
    0.5735950077076194,
    0.5733252059756302,
    0.5573695726416108,
    0.5714403105264841,
    0.5633332905002332,
    0.585594389315263,
    0.579846518112114,
    0.5711043064049849,
    0.5850865586133857,
    0.5661327754418681,
    0.5781150330172347,
    0.5819485055448234,
    0.5719788657800956,
    0.5741229241690834,
    0.5740915491959108,
    0.5816292903554721,
    0.5698893300862092,
    0.5754573068951326,
    0.5698760705670034,
    0.582327224942777,
    0.572718732000336,
    0.5769193844934685,
    0.5631746083866759,
    0.5653029792220305,
    0.5667055265975883,
    0.5716793239451903,
    0.5730633676655515
  ],
  "val_loss": [
    0.6653576067515782,
    0.6493100949696132,
    0.6455341832978385,
    0.6252453071730477,
    0.6064007963453021,
    0.6771613870348249,
    0.6454379899161202,
    0.621311971119472,
    0.5790844133922032,
    0.5981825760432652,
    0.620993299143655,
    0.6112070083618164,
    0.5667159727641514,
    0.5766678537641253,
    0.5777176022529602,
    0.57389783007758,
    0.5887250048773629,
    0.5638302905218942,
    0.5595400588853019,
    0.557883790561131,
    0.5447764226368496,
    0.5599236147744315,
    0.5712417364120483,
    0.544436011995588,
    0.5445200630596706,
    0.5584454706736973,
    0.5574019806725639,
    0.5610939008849007,
    0.554122771535601,
    0.5537757362638202,
    0.5461806229182652,
    0.5589029278073993,
    0.5509110007967267,
    0.564416629927499,
    0.5643163408551898,
    0.5519229684557233,
    0.5445613222462791,
    0.5441228875092098,
    0.5500717886856624,
    0.5499381763594491,
    0.5432900530951363,
    0.5426931764398303,
    0.541946930544717,
    0.5504336101668221,
    0.5461852593081338,
    0.545741149357387,
    0.5458611845970154,
    0.5421606642859322,
    0.5458628961018154,
    0.5452975758484432,
    0.5443482441561562,
    0.5466170225824628,
    0.5514339123453412,
    0.5452273658343724,
    0.5465481962476458,
    0.5454233629362923,
    0.5478444610323224,
    0.5457869512694222,
    0.5441937276295253,
    0.5457539771284375,
    0.5444248829569135,
    0.542213921036039,
    0.5408969138349805,
    0.5472127369471959,
    0.5459685325622559,
    0.545468636921474,
    0.5476672308785575,
    0.5415491887501308,
    0.5476883820125035,
    0.5491693232740674,
    0.5481767569269452,
    0.5463053839547294,
    0.5483350115162986,
    0.5460841740880694,
    0.5450268047196525,
    0.5439670171056475,
    0.5445371440478733,
    0.5443715793745858,
    0.5444244231496539,
    0.5424217326300484,
    0.5447791389056614,
    0.5444273437772479,
    0.5435178663049426
  ],
  "val_score": [
    0.6696428571428571,
    0.6696428571428571,
    0.7678571428571429,
    0.7410714285714286,
    0.6696428571428571,
    0.49107142857142855,
    0.6696428571428571,
    0.7410714285714286,
    0.7053571428571429,
    0.75,
    0.7321428571428571,
    0.7232142857142857,
    0.7053571428571429,
    0.6964285714285714,
    0.7053571428571429,
    0.7232142857142857,
    0.75,
    0.7142857142857143,
    0.7053571428571429,
    0.75,
    0.7589285714285714,
    0.7053571428571429,
    0.7053571428571429,
    0.75,
    0.7321428571428571,
    0.7053571428571429,
    0.7232142857142857,
    0.75,
    0.7142857142857143,
    0.7410714285714286,
    0.7410714285714286,
    0.7232142857142857,
    0.7589285714285714,
    0.7410714285714286,
    0.75,
    0.7321428571428571,
    0.75,
    0.7410714285714286,
    0.7410714285714286,
    0.7232142857142857,
    0.7232142857142857,
    0.7321428571428571,
    0.7232142857142857,
    0.7410714285714286,
    0.7321428571428571,
    0.7410714285714286,
    0.7321428571428571,
    0.75,
    0.7321428571428571,
    0.7410714285714286,
    0.7321428571428571,
    0.7232142857142857,
    0.7232142857142857,
    0.7410714285714286,
    0.7410714285714286,
    0.7410714285714286,
    0.7410714285714286,
    0.7410714285714286,
    0.7410714285714286,
    0.7410714285714286,
    0.75,
    0.75,
    0.7410714285714286,
    0.75,
    0.7410714285714286,
    0.7410714285714286,
    0.7321428571428571,
    0.75,
    0.75,
    0.7410714285714286,
    0.7410714285714286,
    0.7410714285714286,
    0.7321428571428571,
    0.7321428571428571,
    0.75,
    0.7410714285714286,
    0.7410714285714286,
    0.75,
    0.7410714285714286,
    0.7410714285714286,
    0.7410714285714286,
    0.7410714285714286,
    0.7410714285714286
  ]
}