{
  "train_loss": [
    0.6555979255884383,
    0.6378812773825749,
    0.6120433946830484,
    0.6155477038116369,
    0.60432715216155,
    0.5813291901544457,
    0.5889109127701201,
    0.5978462529799266,
    0.5863731574556289,
    0.5865074170185557,
    0.5799086081834156,
    0.5939259942122331,
    0.5989783836027903,
    0.5894493663136683,
    0.5871123954469362,
    0.5601314262008238,
    0.574465515911244,
    0.5882058804027142,
    0.5670952179434597,
    0.5514548069915836,
    0.5473356130957201,
    0.5607631861560122,
    0.556169090911964,
    0.5744040226909521,
    0.5422106661128783,
    0.5407561993706212,
    0.5505241118078157,
    0.5384168800205428,
    0.5494573192735893,
    0.5588156260441071,
    0.5456789828526826,
    0.5561620272587067,
    0.559661142536438,
    0.545422147276431,
    0.5316845627147516,
    0.5338067469366221,
    0.5342178136210876,
    0.5430636129711824,
    0.5327421288991806,
    0.5247888595905025,
    0.5427474113363517,
    0.5443922342948355,
    0.5273177602629023,
    0.528349275127707,
    0.5126714601827821,
    0.5142679900366759,
    0.5283355365587971,
    0.5319638674653421,
    0.525115742994508,
    0.5209139663269334,
    0.5268166584158641,
    0.4992276054332441,
    0.5259043266588175,
    0.5247879180516649,
    0.5120669160168136,
    0.5284903942532964,
    0.5138164430152713,
    0.5115390602997908,
    0.5294277238899463,
    0.5228098717395581,
    0.5210155763561733,
    0.5114027902701842,
    0.519360354197441,
    0.5111393387459797,
    0.5251835593021359,
    0.5056727173223806,
    0.5214819750582005,
    0.5096685866939472,
    0.505705996694125,
    0.5341466582800326,
    0.495600628135443,
    0.5145865898700881,
    0.5108941881943607,
    0.5193300638075486,
    0.5022419688403942,
    0.5031892503742694,
    0.5091459909694938
  ],
  "val_loss": [
    0.6627717103276934,
    0.5880030308450971,
    0.6164674588612148,
    0.642729537827628,
    0.6353516919272286,
    0.5778726169041225,
    0.6899376085826329,
    0.6401726348059518,
    0.6210098011153085,
    0.7555667417390006,
    0.6608142597334725,
    0.6658738085201809,
    0.6394487959997994,
    0.6368455631392342,
    0.621078440121242,
    0.6725721103804452,
    0.6355244261877877,
    0.6054710149765015,
    0.5943053960800171,
    0.5912589430809021,
    0.6092972755432129,
    0.5771505832672119,
    0.6305597254208156,
    0.6381183436938694,
    0.5948323266846793,
    0.6164796778133937,
    0.5785390819822039,
    0.5997006637709481,
    0.668077894619533,
    0.6580199173518589,
    0.6187160781451634,
    0.5815567459378924,
    0.5961603948048183,
    0.5764514378138951,
    0.6055338212421962,
    0.5955121261732919,
    0.5819362912859235,
    0.5653185163225446,
    0.583930322102138,
    0.5885953051703317,
    0.5847810506820679,
    0.6166516031537738,
    0.5860849789210728,
    0.5818132076944623,
    0.5806472131184169,
    0.597474992275238,
    0.5666662880352565,
    0.5746429307120187,
    0.5595885855810983,
    0.577370924609048,
    0.5782695157187325,
    0.5807273473058429,
    0.5734399046216693,
    0.583619909627097,
    0.5837171929223197,
    0.6116314360073635,
    0.5518986753055027,
    0.5592487284115383,
    0.6032036031995501,
    0.601177556174142,
    0.6092272826603481,
    0.5910993388720921,
    0.605709603854588,
    0.5857319235801697,
    0.6058299200875419,
    0.5833386949130467,
    0.5871212482452393,
    0.5689432791301182,
    0.56948207957404,
    0.5805032338414874,
    0.570760190486908,
    0.5681987915720258,
    0.5670037950788226,
    0.568284273147583,
    0.5763326031821114,
    0.5772719553538731,
    0.5750298159463065
  ],
  "val_score": [
    0.5982142857142857,
    0.6696428571428571,
    0.6428571428571429,
    0.6964285714285714,
    0.6696428571428571,
    0.7410714285714286,
    0.6339285714285714,
    0.6785714285714286,
    0.6875,
    0.5892857142857143,
    0.7142857142857143,
    0.6428571428571429,
    0.6785714285714286,
    0.6517857142857143,
    0.6875,
    0.6785714285714286,
    0.6696428571428571,
    0.7321428571428571,
    0.6964285714285714,
    0.7053571428571429,
    0.7142857142857143,
    0.6964285714285714,
    0.7232142857142857,
    0.7142857142857143,
    0.7142857142857143,
    0.7321428571428571,
    0.7410714285714286,
    0.7410714285714286,
    0.7053571428571429,
    0.6964285714285714,
    0.7142857142857143,
    0.75,
    0.6875,
    0.7142857142857143,
    0.7232142857142857,
    0.6785714285714286,
    0.7053571428571429,
    0.7589285714285714,
    0.7589285714285714,
    0.7321428571428571,
    0.7232142857142857,
    0.7232142857142857,
    0.7053571428571429,
    0.7232142857142857,
    0.6964285714285714,
    0.7410714285714286,
    0.7232142857142857,
    0.7321428571428571,
    0.75,
    0.7321428571428571,
    0.7232142857142857,
    0.7232142857142857,
    0.7053571428571429,
    0.7053571428571429,
    0.7321428571428571,
    0.7321428571428571,
    0.75,
    0.75,
    0.7321428571428571,
    0.7142857142857143,
    0.7053571428571429,
    0.7232142857142857,
    0.6875,
    0.7142857142857143,
    0.6785714285714286,
    0.7142857142857143,
    0.6875,
    0.7053571428571429,
    0.7321428571428571,
    0.7321428571428571,
    0.75,
    0.7053571428571429,
    0.7142857142857143,
    0.7589285714285714,
    0.7321428571428571,
    0.7232142857142857,
    0.7321428571428571
  ]
}