{
  "train_loss": [
    0.6230809235572815,
    0.5205469334125519,
    0.43733803391456605,
    0.3736606538295746,
    0.352493856549263,
    0.35520912170410157,
    0.33425319015979765,
    0.3202737766504288,
    0.31450496673583983,
    0.3191898328065872,
    0.2983070224523544,
    0.29161734998226163,
    0.2770526611804962,
    0.2753431224822998,
    0.2524682426452637,
    0.2539029806852341,
    0.23818877279758455,
    0.2399883258342743,
    0.24580544203519822,
    0.2267088747024536,
    0.22244740426540374,
    0.2238581222295761,
    0.21627804577350618
  ],
  "val_loss": [
    0.6745760774612427,
    0.5719824242591858,
    0.5126720666885376,
    0.5503182029724121,
    0.6313095474243164,
    0.6015942239761353,
    0.553935842514038,
    0.5432814908027649,
    0.5683997654914856,
    0.5397868156433105,
    0.601343879699707,
    0.5632489395141601,
    0.7235045313835144,
    0.5417822599411011,
    0.5945100593566894,
    0.5526430749893189,
    0.6320449137687683,
    0.5590659332275391,
    0.6081764030456543,
    0.6321272039413453,
    0.5375927543640137,
    0.5848219776153565,
    0.5764433860778808
  ],
  "val_score": [
    0.555,
    0.675,
    0.725,
    0.7,
    0.685,
    0.685,
    0.73,
    0.72,
    0.695,
    0.735,
    0.7,
    0.755,
    0.655,
    0.765,
    0.74,
    0.745,
    0.73,
    0.795,
    0.725,
    0.71,
    0.795,
    0.755,
    0.765
  ]
}