{
  "train_loss": [
    6.840685749053955,
    3.0737701559066775,
    2.696338248252869,
    2.5885568475723266,
    2.297836036682129,
    1.882641272544861,
    1.7608311581611633,
    1.5578721761703491,
    1.3859245872497559,
    1.2476541948318483,
    1.174842438697815,
    1.2584397053718568,
    0.8638732695579528,
    0.855329601764679,
    0.9477007269859314,
    0.8353827714920044,
    0.6876396465301514,
    0.7424364042282104,
    0.5934184145927429,
    0.5655891644954681,
    0.608375449180603,
    0.6670983481407166,
    0.5497341299057007,
    0.5394923090934753,
    0.6157429146766663,
    0.49853850245475767,
    0.41723177194595334,
    0.5171663975715637,
    0.46665205478668215,
    0.4185322415828705,
    0.48050605416297915,
    0.48436724305152895,
    0.49796017110347746,
    0.40317086219787596,
    0.38206794500350955,
    0.3644213378429413,
    0.3440361404418945,
    0.3290945875644684,
    0.31842676997184755,
    0.27844504892826083,
    0.3221325749158859,
    0.30933385133743285,
    0.3066472291946411,
    0.3009053671360016,
    0.2784365034103394,
    0.27797165751457215,
    0.27745381712913514,
    0.27260813891887664,
    0.2757933586835861,
    0.2614168113470077,
    0.2682528221607208,
    0.27147324949502943,
    0.26380806863307954,
    0.26551988661289216,
    0.24072149455547331,
    0.25164682924747467,
    0.2312461730837822
  ],
  "val_loss": [
    7.041063346862793,
    4.507747049331665,
    5.919428358078003,
    7.846405897140503,
    2.1069177770614624,
    5.466779727935791,
    4.249698810577392,
    6.002528162002563,
    4.756041975021362,
    1.9420780086517333,
    3.1049717712402343,
    3.9698989486694334,
    6.516115379333496,
    5.856208410263061,
    4.049208307266236,
    2.041566643714905,
    2.8644049692153932,
    1.8628343200683595,
    1.6229791641235352,
    1.8881996273994446,
    1.363346779346466,
    1.5182132315635681,
    1.0498601388931275,
    1.7897681927680968,
    0.9668622255325318,
    1.5276941466331482,
    1.339290473461151,
    1.6349446892738342,
    1.118203067779541,
    1.1810921096801759,
    1.373432183265686,
    1.2111279296875,
    1.121884684562683,
    1.5664505529403687,
    1.570992934703827,
    1.097453112602234,
    0.881267318725586,
    1.360335636138916,
    1.8032029008865356,
    1.5343056726455688,
    1.3870155572891236,
    1.6487615823745727,
    1.166982307434082,
    1.344136152267456,
    1.386545238494873,
    1.0989248323440552,
    1.0426552677154541,
    1.425685634613037,
    1.195508313179016,
    1.0317002534866333,
    0.9615147304534912,
    1.1178813886642456,
    1.009155559539795,
    1.1323010683059693,
    1.3831884860992432,
    1.523203020095825,
    1.089218430519104
  ],
  "val_score": [
    0.5,
    0.5,
    0.5,
    0.5,
    0.56,
    0.5,
    0.505,
    0.505,
    0.505,
    0.63,
    0.56,
    0.525,
    0.5,
    0.49,
    0.495,
    0.53,
    0.525,
    0.545,
    0.57,
    0.58,
    0.625,
    0.63,
    0.675,
    0.565,
    0.705,
    0.6,
    0.615,
    0.595,
    0.64,
    0.655,
    0.655,
    0.665,
    0.69,
    0.605,
    0.625,
    0.635,
    0.735,
    0.65,
    0.62,
    0.645,
    0.66,
    0.63,
    0.715,
    0.675,
    0.66,
    0.725,
    0.74,
    0.655,
    0.695,
    0.715,
    0.725,
    0.705,
    0.73,
    0.73,
    0.705,
    0.68,
    0.725
  ]
}