{
  "train_loss": [
    13.77841893196106,
    6.687806472778321,
    3.8598697113990785,
    4.023125720024109,
    3.0054885053634646,
    1.6074796772003175,
    1.7980581331253052,
    1.543711462020874,
    2.020730254650116,
    1.654612900018692,
    1.1113781201839448,
    1.5278289020061493,
    0.890582629442215,
    0.7534388828277588,
    0.6940467357635498,
    0.6515224647521972,
    0.5481379026174545,
    0.6474246966838837,
    0.8641419732570648,
    0.6691005271673203,
    0.557894846200943,
    0.7364792060852051,
    0.525083281993866,
    0.6279321104288101,
    0.4201077884435654,
    0.4356929963827133,
    0.3628410738706589,
    0.2989663416147232,
    0.5141883063316345,
    0.38804195284843446,
    0.4156176120042801,
    0.35587499499320985,
    0.3464047485589981,
    0.4808876395225525
  ],
  "val_loss": [
    4.193362007141113,
    1.1150583553314208,
    1.9694056415557861,
    2.0642626953125,
    2.5988437938690185,
    2.169370255470276,
    5.356096544265747,
    1.8072015476226806,
    2.457025468349457,
    1.3198615217208862,
    1.8008198738098145,
    4.0516212368011475,
    1.116491813659668,
    1.0568855142593383,
    1.2670160484313966,
    1.3643604350090026,
    1.0696025681495667,
    1.0664973735809327,
    1.7916431522369385,
    1.0807127618789674,
    1.91978750705719,
    1.6657512664794922,
    1.5453903102874755,
    1.5165388154983521,
    1.131087007522583,
    1.29542076587677,
    1.3692914295196532,
    1.1321467924118043,
    1.8617736721038818,
    1.3744539260864257,
    1.2618640422821046,
    1.3172313404083251,
    1.3980107712745666,
    1.2107641983032227
  ],
  "val_score": [
    0.465,
    0.555,
    0.555,
    0.525,
    0.635,
    0.6,
    0.63,
    0.65,
    0.695,
    0.725,
    0.63,
    0.665,
    0.725,
    0.745,
    0.75,
    0.75,
    0.745,
    0.75,
    0.615,
    0.76,
    0.725,
    0.675,
    0.75,
    0.685,
    0.76,
    0.75,
    0.745,
    0.77,
    0.675,
    0.745,
    0.75,
    0.73,
    0.74,
    0.76
  ]
}