{
  "train_loss": [
    0.18769260387757744,
    0.1520808395334597,
    0.14816705665917218,
    0.14632601876552662,
    0.143207055798392,
    0.14124926275522634,
    0.1394579669511663,
    0.13933902333422415,
    0.13793960802709065,
    0.1375886281860944,
    0.13663598866550988,
    0.13571360470241736,
    0.1341471627092727,
    0.1346037001355684,
    0.13419162462751957,
    0.13284288793562218,
    0.13280963391533906,
    0.13232570367487567,
    0.1324942101317705,
    0.13086619138324074,
    0.13147312543149675,
    0.13101869262675658,
    0.1296868513671637,
    0.13098019640306793,
    0.12972308271161312,
    0.12934691727866587,
    0.12875034913747,
    0.12839857727095128,
    0.12870102992449403,
    0.12765956735502534,
    0.12848363009155972,
    0.12599835393360487,
    0.12665453113623212,
    0.12626944287983227,
    0.12517654541420756,
    0.12474597225957053,
    0.12427855603222976,
    0.12459001128530742,
    0.12394344396165688,
    0.12362194152965077
  ],
  "val_loss": [
    0.14194807947431926,
    0.10997326044040152,
    0.10016817479887323,
    0.0979132268794285,
    0.09302536620077587,
    0.10466400561630074,
    0.0837306343055238,
    0.0900425078814232,
    0.08169793546400872,
    0.08595536898711999,
    0.091620334769843,
    0.08599093293378511,
    0.08032514879408904,
    0.07966786554799211,
    0.08119192706960383,
    0.08027008957544977,
    0.08214034226064319,
    0.0783723427316524,
    0.08185539484375473,
    0.07786163708696416,
    0.08548030096185256,
    0.07869629504115165,
    0.07987383939280522,
    0.07891406451818168,
    0.08112012281553779,
    0.0794105702210032,
    0.07878849093833748,
    0.08379510162842482,
    0.0824806776559834,
    0.08839755301487626,
    0.09055073146359376,
    0.08193980102759482,
    0.08656368388051885,
    0.08268698268028149,
    0.07856023836217019,
    0.07964248976625145,
    0.07938364286581631,
    0.08056995024193153,
    0.0820047460059861,
    0.08196470104094523
  ],
  "val_score": [
    0.7060766950813248,
    0.7537447334901037,
    0.7475963893787969,
    0.752927199686459,
    0.7494764109347443,
    0.7616598079561042,
    0.7627222957084067,
    0.7598379629629628,
    0.75674541936116,
    0.767554012345679,
    0.7720213599843229,
    0.77028831079757,
    0.7528475896531452,
    0.7667793454830492,
    0.7578109690378209,
    0.7779737409367038,
    0.7539162012541643,
    0.7706036890064668,
    0.772785310111699,
    0.785536694101509,
    0.7676856750930825,
    0.7762866206153243,
    0.7557809131883207,
    0.7848875661375662,
    0.7904908877131099,
    0.7758732608269645,
    0.7764121595140114,
    0.7834974524789339,
    0.7734696502057614,
    0.7890119782480892,
    0.7833627278071722,
    0.7732246962571037,
    0.7770429159318049,
    0.7827717764060356,
    0.7857050999412111,
    0.7914707035077405,
    0.7895784342543603,
    0.7928700029394473,
    0.7998481285518322,
    0.7902489956888105
  ]
}