{
  "train_loss": [
    0.1568401492383116,
    0.14472603940341178,
    0.1406602263032814,
    0.13795970418231718,
    0.13617016127380205,
    0.13511010595482373,
    0.134157651387639,
    0.13291672516628578,
    0.13145569176585084,
    0.13061133038942938,
    0.1305362311132724,
    0.1287410822957831,
    0.12912060649540336,
    0.1281176598934015,
    0.1269487487498411,
    0.12726069464112205,
    0.1251013205337416,
    0.12549573788316046,
    0.12524116315024147,
    0.12438549912920448,
    0.1244946696260043,
    0.12330400007876131,
    0.12284651064502443,
    0.12280357131109872,
    0.12209780056218987,
    0.1220757196001802,
    0.12192896737403368,
    0.12167264025254487,
    0.12013504576602743,
    0.11922726852618967,
    0.11798330403518814,
    0.1162229791961386,
    0.11614797703449864,
    0.1158571653767244,
    0.11509483406090759,
    0.11536547272516764,
    0.11506956679320378,
    0.11519117380311028,
    0.11426787622273421,
    0.11411641927894055,
    0.11362666405987859,
    0.11364984914886002,
    0.11297858125521947,
    0.11301782602691522,
    0.11360849429409155,
    0.11223522198870622,
    0.11067061435348247,
    0.11123316637506576,
    0.11068135169333436,
    0.10947907528956091,
    0.11054575094363661,
    0.10905741770639651,
    0.10970419306510822,
    0.10971025726240637
  ],
  "val_loss": [
    0.08419278675068506,
    0.08051738949547371,
    0.08706040374722732,
    0.08048487408052693,
    0.10362259083133804,
    0.08574606243017387,
    0.08895945067612789,
    0.07984243867270795,
    0.08233527052960067,
    0.08623320981996022,
    0.07770938212729026,
    0.08822288180964324,
    0.07921938988267596,
    0.08650207290697165,
    0.08670829981735301,
    0.08231554288370002,
    0.07725053549187841,
    0.07674391110888018,
    0.07455605409071193,
    0.08013459069823266,
    0.07826486113101946,
    0.07611579101404989,
    0.08945764232845331,
    0.07771880749192786,
    0.07597913838847802,
    0.08207148772820834,
    0.07467092387966943,
    0.07649152246325368,
    0.08837450411394437,
    0.075537947851122,
    0.07818956480087763,
    0.07842551577979381,
    0.07622252207884776,
    0.07295970620479686,
    0.073323277206111,
    0.07509492874284085,
    0.08486189211644242,
    0.07715852704674002,
    0.08326508600012088,
    0.08274887586641969,
    0.07568124750343308,
    0.08143219796043101,
    0.07901643871909622,
    0.08369236858425774,
    0.07772697557176902,
    0.07482892876344222,
    0.07653534679021257,
    0.07850359505315965,
    0.08144134090268663,
    0.08010745167423383,
    0.07531765676568854,
    0.08359152795971092,
    0.07533573020245529,
    0.08558612283628997
  ],
  "val_score": [
    0.7195430384087791,
    0.7543020037232999,
    0.7379788849696258,
    0.7448008524397413,
    0.7520178081520673,
    0.748876273760533,
    0.7412398344111306,
    0.7589836860670194,
    0.7606799921614738,
    0.7815959974524789,
    0.7815225112678816,
    0.7773736037624928,
    0.7859286204193612,
    0.7504164217127182,
    0.7845446306094453,
    0.7774562757201646,
    0.7981334509112287,
    0.7889905447775819,
    0.8155343670389966,
    0.7894804526748971,
    0.8038470017636684,
    0.8092176170879873,
    0.7740269204389574,
    0.7975026944934351,
    0.7895355673133451,
    0.7946030521262003,
    0.8142728542034098,
    0.796320791691162,
    0.8048329414070154,
    0.8192086762688614,
    0.8022456153243189,
    0.7991714432686655,
    0.8017587693513619,
    0.8116579708014893,
    0.8091226974328826,
    0.8110180286106212,
    0.7938283852635704,
    0.8101515040172447,
    0.7942723642955125,
    0.8128796786204194,
    0.8093554036841074,
    0.8077601410934744,
    0.8023527826768568,
    0.7847007887517147,
    0.7977384626690183,
    0.8106505976876347,
    0.8108649323927102,
    0.7985253772290809,
    0.7972026259063295,
    0.8028059474818735,
    0.8040215314520869,
    0.7983141044483637,
    0.8063210366451107,
    0.7994531403096218
  ]
}