{
  "train_loss": [
    0.20811405463714225,
    0.16517356388011112,
    0.16013458630866134,
    0.1570208544411871,
    0.15461634043198216,
    0.15333792155196443,
    0.15158652065777034,
    0.14910508743126244,
    0.14709132838951125,
    0.1468886725826686,
    0.14555795229107485,
    0.14483996426937387,
    0.1440151465824532,
    0.1427815139471664,
    0.1435051412617688,
    0.14307025612222182,
    0.1424559339727407,
    0.14163018192886792,
    0.14116813639314008,
    0.1417113235846177,
    0.14109873837633685,
    0.1400325524874256,
    0.14073921123147645,
    0.13975851954881804,
    0.13974648657378322,
    0.13994731925094347,
    0.13801297294079834,
    0.13912384891063623,
    0.13887468140465536,
    0.13782450428219473,
    0.13793269803332048,
    0.13803417705256926,
    0.13880555797354135,
    0.13831667278203935,
    0.1372545922709992,
    0.13777662693178347,
    0.1377339279728908,
    0.1375329491579965
  ],
  "val_loss": [
    0.09608542365629978,
    0.09296380885266023,
    0.0889217802243017,
    0.08858605750482969,
    0.09000981123785112,
    0.0893337933535475,
    0.08752284605448231,
    0.08824166473442335,
    0.08622008204141325,
    0.08650665096811808,
    0.09070818408881694,
    0.08731009723397175,
    0.08412364371294831,
    0.08919354761325035,
    0.0848415320756812,
    0.08223574659285568,
    0.08313882704430214,
    0.07993135764314518,
    0.08555615916639864,
    0.08514915774613728,
    0.08314120215643446,
    0.08400642810991261,
    0.08362007213889132,
    0.08167764443678634,
    0.08115078317154985,
    0.08137928074238916,
    0.08226556694164507,
    0.08340746197924688,
    0.08065937254410314,
    0.08047961070137305,
    0.08063888830899714,
    0.08088713723404431,
    0.08012939467500835,
    0.08092810737896133,
    0.08286914218433605,
    0.08076929008697337,
    0.08086621915297064,
    0.08055386344709523
  ],
  "val_score": [
    0.6786020478150109,
    0.6416737090926905,
    0.6934998407799333,
    0.699697175680972,
    0.6898484959827551,
    0.6923454952968842,
    0.7023503331373702,
    0.7064242234959828,
    0.7372945448755633,
    0.7192751200274349,
    0.7315228174603174,
    0.6931829316088575,
    0.7260802469135802,
    0.6996910518322557,
    0.7220308519498334,
    0.753622256515775,
    0.7440981407995296,
    0.7575032456398197,
    0.7284700788751716,
    0.7093162110523222,
    0.774548978542034,
    0.7671008475406623,
    0.7494901895943563,
    0.7558191872427982,
    0.7618358686067019,
    0.7788280178326474,
    0.7727669385655498,
    0.7677545683911424,
    0.7662098275524201,
    0.773924345972957,
    0.7649682172251616,
    0.7703480183225553,
    0.7649712791495199,
    0.7624834656084656,
    0.766858955516363,
    0.7705026455026456,
    0.7689824000587889,
    0.7645992553399961
  ]
}