{
  "train_loss": [
    0.17817922366220793,
    0.15848364553500252,
    0.15793228449602192,
    0.15738835781998362,
    0.15696581998251588,
    0.15690407953452803,
    0.1566659121495513,
    0.1566940860209728,
    0.15652564291801718,
    0.15617152687354308,
    0.1563166773093288,
    0.15630313083504563,
    0.1565119706914936,
    0.15595463351528707,
    0.15628277481712796,
    0.15581407243113204,
    0.1557435411105587,
    0.15575861067058996,
    0.1558076089893966,
    0.15590910498735708,
    0.15571978605901182,
    0.1555789276874403,
    0.15561575754935272,
    0.1556256972587343
  ],
  "val_loss": [
    0.10076597094655385,
    0.09739427864750806,
    0.09845075205714779,
    0.0963656727832337,
    0.0978653915597811,
    0.10019058488361916,
    0.09884762612719215,
    0.09969766059047602,
    0.09714137878356814,
    0.09747424306347513,
    0.09717913663411934,
    0.09963228451638305,
    0.09905763678370443,
    0.09716326952679818,
    0.1016694467769265,
    0.099381896033394,
    0.10017856268437275,
    0.09912198633245387,
    0.1022318779277361,
    0.09765210101385925,
    0.09813489747085828,
    0.10013313992992823,
    0.0995129860743768,
    0.0977259198176058
  ],
  "val_score": [
    0.6308513374485596,
    0.6341873040368411,
    0.6341199417009602,
    0.6319383205957281,
    0.6323868925142073,
    0.6304884994121105,
    0.6246432858122672,
    0.6271111968449932,
    0.6203336272780716,
    0.6254102978640015,
    0.6235042499510093,
    0.6240385557515187,
    0.625858869782481,
    0.6257593572408386,
    0.6300537061532431,
    0.626180371840094,
    0.6251010435038213,
    0.6232531721536351,
    0.6249356995884774,
    0.6233572775818146,
    0.6228979889280815,
    0.6220268714481677,
    0.6261405668234372,
    0.6231766240446796
  ]
}