{
  "train_loss": [
    0.2769611591278697,
    0.19567634325571537,
    0.1792110122848061,
    0.17143323829431584,
    0.16244536974726034,
    0.16020053266954815,
    0.1549660075471869,
    0.15047112537280108,
    0.14858512475738783,
    0.1470127591340108,
    0.14308625636684869,
    0.14278477914412838,
    0.13935042413867088,
    0.13955431364427767,
    0.13783601000948062,
    0.13614673850527587,
    0.13542833045548025,
    0.133884660419046,
    0.1339970260965196,
    0.13321906666796113,
    0.13245345191738342,
    0.13117539781480025,
    0.13082637836074937,
    0.1314417029154111,
    0.13143400413164422,
    0.13039657617153305,
    0.12981939564024034,
    0.12954589190198593,
    0.12842027755904092,
    0.12925500270742504,
    0.12905545091360499,
    0.12875427601312142,
    0.12870884873935398,
    0.1277882338641547,
    0.12790612591314657,
    0.12708307526629078,
    0.1268707381813952,
    0.12716887315792344,
    0.12583444499757476,
    0.1260276498745569,
    0.1266914137099096,
    0.12610057956240994,
    0.12659107412285675,
    0.12475360226858616,
    0.1251876091966196,
    0.12641752232169004,
    0.12478341394977358,
    0.12530610479914023,
    0.12620203970321997,
    0.12370263077430764,
    0.1258773001879594,
    0.12492226998867949,
    0.12369629536271874,
    0.12178329389938297,
    0.12114688759980867,
    0.121857128004974,
    0.12168508033106494,
    0.1213792048778294,
    0.12075458218676642,
    0.12069710854793404,
    0.12122044493821735,
    0.12167525950878472,
    0.1195348884875471,
    0.12017177135836538,
    0.11993084694521132,
    0.1201879136711119,
    0.12140391884283151,
    0.11970190784724458,
    0.12018736034123566,
    0.11987706132701677,
    0.12117437251320487,
    0.12015414485462572,
    0.11863539658846,
    0.11892960058966055,
    0.12038305788303337,
    0.11977262011953965,
    0.11776109775975843,
    0.11875039613890773,
    0.11725936303457744,
    0.11736925839048519,
    0.11909121665004731,
    0.11686435393551577,
    0.11683620907207078,
    0.1176671620969812,
    0.11789833147148161
  ],
  "val_loss": [
    0.11970851831581944,
    0.17193922792839186,
    0.12753025130064216,
    0.12792558483860947,
    0.11791259174817327,
    0.103267077633732,
    0.09842491549875161,
    0.09804258933130071,
    0.09343527324376331,
    0.09450894335514433,
    0.09627614564851285,
    0.09660887738398587,
    0.10565071012901761,
    0.09415661824476304,
    0.09304268656983707,
    0.08945466070432545,
    0.0864905226507414,
    0.08381597461813367,
    0.09179999481423795,
    0.08363255117235285,
    0.08333251237554067,
    0.0899701443447152,
    0.08399771867193591,
    0.08439903711203152,
    0.08536222819764228,
    0.08498051324250154,
    0.0921546483949939,
    0.08188926968238967,
    0.0793454673144864,
    0.086184806033286,
    0.08008713279722846,
    0.08697939841106168,
    0.08204994713690575,
    0.07991114388309001,
    0.08162073045244421,
    0.11177669921307966,
    0.07738830549010693,
    0.08943068824885986,
    0.07774789116456073,
    0.08653587620382018,
    0.07928601286149636,
    0.0755131480868461,
    0.07851407118232225,
    0.08274647043535607,
    0.07574458001034301,
    0.07723451202969438,
    0.08161086674463552,
    0.07586964531041955,
    0.08265149428079178,
    0.0825973356112298,
    0.07812808387691583,
    0.07596631584145126,
    0.07937454919534792,
    0.0805277441257605,
    0.07705201222834153,
    0.07651729170013823,
    0.0787372890535589,
    0.07803504420034524,
    0.07535317774097611,
    0.08492464532859673,
    0.0858877851214978,
    0.08030836407567082,
    0.07928703664834848,
    0.07782954347158906,
    0.07358292228486339,
    0.07537110281237323,
    0.08493299794979095,
    0.08213848578310015,
    0.07999062613662673,
    0.07715279786874024,
    0.0768357782848605,
    0.07656199092234725,
    0.0778333482839966,
    0.08448721882528287,
    0.07791133156467892,
    0.08015825314781953,
    0.07949750277888752,
    0.07930822665772566,
    0.07858408969837638,
    0.08159130932040895,
    0.07545895858264964,
    0.07890465289672237,
    0.079978111161088,
    0.08012076755061767,
    0.07734234901774587
  ],
  "val_score": [
    0.5698179992161474,
    0.6587913972173232,
    0.567870615324319,
    0.5957126935136194,
    0.6501720801489319,
    0.6529523074661964,
    0.6508457035077406,
    0.653488144228885,
    0.6493821036645111,
    0.6815659905937683,
    0.7397823584166177,
    0.7347026259063294,
    0.7278898442092886,
    0.6331385949441506,
    0.7088936654908876,
    0.7110217029198511,
    0.7180151381540271,
    0.7532456398197139,
    0.7418307858122672,
    0.7494212962962963,
    0.7596175044091711,
    0.752235204781501,
    0.7612495100921027,
    0.7790637860082305,
    0.7902336860670195,
    0.7579640652557317,
    0.7725112678816382,
    0.7843915343915343,
    0.7900560944542426,
    0.7854662698412698,
    0.7664455957280031,
    0.7686226239466981,
    0.7683133695865179,
    0.7799058152067411,
    0.7772266313932978,
    0.7698565794630609,
    0.7781559254360181,
    0.7768806339408192,
    0.7998221021947873,
    0.7752516901822457,
    0.7774317803252988,
    0.784359384185773,
    0.7931088330393885,
    0.8085593033509699,
    0.7786810454634527,
    0.7953578164805016,
    0.7790806265922007,
    0.8030646800901431,
    0.7875101043503823,
    0.7980507789535568,
    0.7825023270625122,
    0.8146341612776797,
    0.7990183470507545,
    0.7992081863609641,
    0.8048712154614933,
    0.8036785959239663,
    0.794211125808348,
    0.811264513521458,
    0.7943703458749755,
    0.788062781697041,
    0.7930889305310602,
    0.7930001347246718,
    0.7874687683715461,
    0.79565329218107,
    0.7946214236723496,
    0.8072886047423083,
    0.8018169459141682,
    0.8084934719772683,
    0.808517967372134,
    0.7969209288653732,
    0.8108098177542622,
    0.8099203287281991,
    0.8075947971781305,
    0.8129393861454046,
    0.8075014084852048,
    0.8092865103860473,
    0.8124785665294924,
    0.8097687634724672,
    0.806699184303351,
    0.8148117528904566,
    0.8163733343131491,
    0.8095146237507348,
    0.814445852929649,
    0.812221364883402,
    0.8162814765824026
  ]
}