{
  "train_loss": [
    14.751139869689942,
    5.6392017841339115,
    3.768482141494751,
    3.0940987634658814,
    2.3395012521743777,
    2.3773295950889586,
    1.8351496696472167,
    1.777420961856842,
    1.5454444694519043,
    1.5379378271102906,
    1.2273165559768677,
    1.3065808200836182,
    1.2789043307304382,
    0.9070984673500061,
    0.9700190389156341,
    1.1541220498085023,
    0.9304598951339722,
    1.0160146248340607,
    0.8938064479827881,
    0.7666771292686463,
    0.6721448367834091,
    0.5124115777015686,
    0.5816463220119477,
    0.6029722577333451,
    0.5321760874986649,
    0.5703023076057434,
    0.5683098059892654,
    0.5206444704532623
  ],
  "val_loss": [
    6.111519622802734,
    17.272460746765137,
    5.829147510528564,
    2.266216068267822,
    3.307702383995056,
    5.832072057723999,
    4.907728881835937,
    1.7321890783309937,
    5.949879846572876,
    2.832493953704834,
    1.9125851345062257,
    4.84829909324646,
    3.2450252056121824,
    3.2921249008178712,
    2.9648376083374024,
    1.7994081687927246,
    1.7683977890014648,
    2.2292005252838134,
    1.9296000289916992,
    2.615347423553467,
    3.3509795761108396,
    2.754840955734253,
    2.4954004859924317,
    3.0036859035491945,
    1.8912681102752686,
    2.9031462478637695,
    2.168634042739868,
    1.7671394920349122
  ],
  "val_score": [
    0.5,
    0.5,
    0.505,
    0.58,
    0.52,
    0.505,
    0.5,
    0.735,
    0.53,
    0.62,
    0.635,
    0.55,
    0.575,
    0.56,
    0.605,
    0.71,
    0.675,
    0.65,
    0.67,
    0.65,
    0.625,
    0.66,
    0.66,
    0.625,
    0.685,
    0.625,
    0.655,
    0.68
  ]
}